episode,steps,X,Y,yaw,steer,throttle,action,reward,done,all_wheels_on_track,progress,closest_waypoint,track_len,tstamp,episode_status,pause_duration
20,1.0,2.464326409565861,0.3720494373240852,0.8775493686168214,8.97733497800423,1.0,[8.97733497800423, 1.0],0.0,False,True,0.2368696514468401,0,59.14794013245511,62.781,prepare,0.0
20,2.0,2.4642219213460286,0.37211082468147266,0.8922431000757557,29.061679609208767,3.3912606692675427,[29.061679609208767, 3.3912606692675427],0.4604538404991216,False,True,0.23669463329827903,0,59.14794013245511,62.884,in_progress,0.0
20,3.0,2.474185323101881,0.3710778454870206,0.5402186092424897,-30.0,2.4694829140122714,[-30.0, 2.4694829140122714],0.5955803937532974,False,True,0.25351027923388775,0,59.14794013245511,62.947,in_progress,0.0
20,4.0,2.5015744788185783,0.3700426021940737,0.17341104017749562,30.0,1.0,[30.0, 1.0],0.745476014949386,False,True,0.2997835965436002,1,59.14794013245511,63.008,in_progress,0.0
20,5.0,2.5407299072542,0.37257225442278674,0.7866154296925061,23.994715142601265,2.0326727981454225,[23.994715142601265, 2.0326727981454225],0.6279648113107048,False,True,0.36604130960102027,1,59.14794013245511,63.065,in_progress,0.0
20,6.0,2.5947011146971617,0.37664328240926687,1.5282557224399456,30.0,1.0,[30.0, 1.0],0.22761768400928642,False,True,0.45738524676914505,1,59.14794013245511,63.155,in_progress,0.0
20,7.0,2.660548100413934,0.390752902773816,4.284282795074218,30.0,2.8691843041523133,[30.0, 2.8691843041523133],0.13639453744803137,False,True,0.5690837257852601,1,59.14794013245511,63.217,in_progress,0.0
20,8.0,2.725235820945406,0.40687437191930065,6.816934749901842,27.48087739207915,1.0,[27.48087739207915, 1.0],0.5372405552192615,False,True,0.6788750183061447,1,59.14794013245511,63.292,in_progress,0.0
20,9.0,2.7980714405363236,0.433139547735712,10.70726759720324,27.47348765102017,2.883183183702512,[27.47348765102017, 2.883183183702512],0.26584010488145554,False,True,0.8027165376046043,2,59.14794013245511,63.35,in_progress,0.0
20,10.0,2.870886778729224,0.4672852481549522,15.187750084621207,-25.692036558820007,1.5626005789449449,[-25.692036558820007, 1.5626005789449449],0.023802743249173555,False,True,0.9267386291018427,2,59.14794013245511,63.417,in_progress,0.0
20,11.0,2.9641247679419154,0.5215807949157508,21.00642265621725,30.0,2.115992396867168,[30.0, 2.115992396867168],0.02262509644026236,False,True,1.0855876103442341,2,59.14794013245511,63.483,in_progress,0.0
20,12.0,3.0426968865852935,0.5718708398943556,25.109515745556372,11.480715927830907,2.01700828266389,[11.480715927830907, 2.01700828266389],0.5613573877559096,False,True,1.2196961366982886,2,59.14794013245511,63.547,in_progress,0.0
20,13.0,3.133020271708551,0.6395448333216052,29.84950350087087,15.061564188482855,2.3613414623129154,[15.061564188482855, 2.3613414623129154],0.7440602241920198,False,True,1.374113715217095,3,59.14794013245511,63.614,in_progress,0.0
20,14.0,3.2236747364082627,0.7217461904016197,35.23904346345369,17.381003275896177,1.0613293022103472,[17.381003275896177, 1.0613293022103472],0.2175777802960237,False,True,1.5312949446051218,3,59.14794013245511,63.679,in_progress,0.0
20,15.0,3.3016541010381943,0.8129781528563432,41.94398673851073,-1.1387040951636322,1.0,[-1.1387040951636322, 1.0],0.4311425746997415,False,True,1.6659345308807176,3,59.14794013245511,63.751,in_progress,0.0
20,16.0,3.361378957146044,0.9013235599652413,47.53150169022337,-14.171930673024754,3.5,[-14.171930673024754, 3.5],0.2611816081921058,False,True,1.76962748538485,3,59.14794013245511,63.796,in_progress,0.0
20,17.0,3.413908960303912,0.9914149210281824,52.6286041895971,-25.853490419396785,2.6164059781438302,[-25.853490419396785, 2.6164059781438302],0.018161365062827308,False,False,1.861212355157202,4,59.14794013245511,63.88,in_progress,0.0
20,18.0,3.482072172758949,1.1025530992239085,55.44608159250284,30.0,2.6985928617204666,[30.0, 2.6985928617204666],0.31977157460685296,False,False,1.9798749350981126,4,59.14794013245511,63.951,in_progress,0.0
20,19.0,3.5551993843327483,1.221768394340356,56.94196815102105,-30.0,3.469173367402679,[-30.0, 3.469173367402679],0.02141882583855088,True,False,2.123862744007349,4,59.14794013245511,64.015,off_track,0.0
21,1.0,5.134265734103597,1.2189132444042223,50.53828097513402,-30.0,1.8097121589605736,[-30.0, 1.8097121589605736],0.0,False,True,0.23693034303664331,10,59.14794013245511,64.146,prepare,0.0
21,2.0,5.134056523195974,1.2188138245310538,50.561216788073345,4.590321803469074,3.5,[4.590321803469074, 3.5],0.684716275676001,False,True,0.23658250342789913,10,59.14794013245511,64.213,in_progress,0.0
21,3.0,5.138828147076475,1.2257594840994206,50.733975863202765,-8.785285640030917,1.0354193980052717,[-8.785285640030917, 1.0354193980052717],0.7684013383855052,False,True,0.2508131224472118,10,59.14794013245511,64.27,in_progress,0.0
21,4.0,5.154929660632217,1.246315340926696,51.043954702724065,-15.173192252991997,1.1664326964997491,[-15.173192252991997, 1.1664326964997491],0.9191736420148358,False,True,0.29495419761432773,10,59.14794013245511,64.345,in_progress,0.0
21,5.0,5.181287836039151,1.2751007935713485,50.46275555035885,11.798511829013101,3.5,[11.798511829013101, 3.5],0.6224677515900481,False,True,0.3606650784689601,11,59.14794013245511,64.412,in_progress,0.0
21,6.0,5.222208314754522,1.3155293359420686,49.185523118784786,16.158796341314762,2.061299993341951,[16.158796341314762, 2.061299993341951],0.11224906673467461,False,True,0.4569450810330534,11,59.14794013245511,64.477,in_progress,0.0
21,7.0,5.264624818469459,1.3648405204375627,49.192689455517176,-10.291359715773673,1.6822477087261378,[-10.291359715773673, 1.6822477087261378],0.010125925552391002,False,True,0.5667123098944432,11,59.14794013245511,64.536,in_progress,0.0
21,8.0,5.314505891364631,1.4245504468805723,49.398933804981354,-2.672967601792422,1.5015534293012491,[-2.672967601792422, 1.5015534293012491],0.17775905711422335,False,True,0.6965244516160596,11,59.14794013245511,64.61,in_progress,0.0
21,9.0,5.373529141714971,1.4980802206453343,50.00790413909278,-5.810760050681729,3.5,[-5.810760050681729, 3.5],0.3450243167013628,False,True,0.855589351663999,12,59.14794013245511,64.685,in_progress,0.0
21,10.0,5.435616554891514,1.579609140231581,50.975827191281816,30.0,1.0,[30.0, 1.0],0.44214155027850954,False,True,1.0287054359105083,12,59.14794013245511,64.747,in_progress,0.0
21,11.0,5.499871791915048,1.6664007986052698,51.87287141402212,30.0,1.0,[30.0, 1.0],0.6280253508299142,False,True,1.2082999378795436,12,59.14794013245511,64.811,in_progress,0.0
21,12.0,5.548576080006989,1.741894528684511,53.70786644979743,30.0,2.19085587726441,[30.0, 2.19085587726441],0.09326207922651336,False,True,1.3601893019259044,13,59.14794013245511,64.881,in_progress,0.0
21,13.0,5.5900138756420725,1.8261491949600357,57.28817990012385,23.389461207291546,1.415819913659621,[23.389461207291546, 1.415819913659621],0.6211206509810736,False,True,1.5179745887010667,13,59.14794013245511,64.943,in_progress,0.0
21,14.0,5.629245088167088,1.9311337582381287,62.19292133619442,8.268358952452715,1.948353831512353,[8.268358952452715, 1.948353831512353],0.2305137120148426,False,True,1.7022182973894393,13,59.14794013245511,65.022,in_progress,0.0
21,15.0,5.657195570963564,2.0240315433261835,66.18893173597891,5.534543944049311,2.310529355434494,[5.534543944049311, 2.310529355434494],0.07882959256068989,False,True,1.8626946143788194,13,59.14794013245511,65.082,in_progress,0.0
21,16.0,5.686635140458856,2.1401517912725985,70.29862539076534,-30.0,1.3025956483672383,[-30.0, 1.3025956483672383],0.44382969238203157,False,True,2.058827274661984,14,59.14794013245511,65.147,in_progress,0.0
21,17.0,5.713977886227286,2.2516998101566275,73.19898491314919,-10.180274524921515,1.5185622499431652,[-10.180274524921515, 1.5185622499431652],0.0003688495603532127,False,True,2.2560310654029427,14,59.14794013245511,65.214,in_progress,0.0
21,18.0,5.742826471435195,2.3683447383985134,74.52074313355884,-23.60017106740963,1.8233350247818316,[-23.60017106740963, 1.8233350247818316],0.3699010521282221,False,True,2.456241687487451,15,59.14794013245511,65.27,in_progress,0.0
21,19.0,5.76865625675456,2.4693136571118357,74.88512260411987,18.5610465394316,3.5,[18.5610465394316, 3.5],0.3538896102264574,False,True,2.639251042835933,15,59.14794013245511,65.35,in_progress,0.0
21,20.0,5.806697208157076,2.593379467314677,73.91346900701471,-17.54649722458849,1.0907948918288828,[-17.54649722458849, 1.0907948918288828],0.12561308122912518,False,True,2.8582453263001364,15,59.14794013245511,65.42,in_progress,0.0
21,21.0,5.845173938244675,2.7056821580945374,72.71073680991361,-14.32174911953613,3.5,[-14.32174911953613, 3.5],0.018524994370746197,False,True,3.058870040663138,16,59.14794013245511,65.478,in_progress,0.0
21,22.0,5.8817088176903365,2.8078097487272733,71.75564277495714,-1.2567618929483828,3.23213798615913,[-1.2567618929483828, 3.23213798615913],0.1879437379884393,False,True,3.2485830755144036,16,59.14794013245511,65.537,in_progress,0.0
21,23.0,5.934783348912234,2.951133784773356,70.61212705797874,-22.710673340818463,3.0642132253573764,[-22.710673340818463, 3.0642132253573764],0.4572880691835691,False,True,3.506854102128612,17,59.14794013245511,65.611,in_progress,0.0
21,24.0,5.982695561553743,3.072830109306646,69.52122157485292,-10.812219196742824,1.7726547643947546,[-10.812219196742824, 1.7726547643947546],0.7531330687032894,False,True,3.7315028625661273,17,59.14794013245511,65.683,in_progress,0.0
21,25.0,6.038873299309265,3.1975438168613306,67.70628823004895,-30.0,1.4470865420875558,[-30.0, 1.4470865420875558],0.11072281906935554,False,True,3.9610112495134295,18,59.14794013245511,65.748,in_progress,0.0
21,26.0,6.107773658784109,3.3240901102440303,64.52723378461742,11.452063485837414,1.0,[11.452063485837414, 1.0],0.7102032360053516,False,True,4.201437941508747,18,59.14794013245511,65.815,in_progress,0.0
21,27.0,6.173989889810332,3.4226549665717294,60.842773013958954,30.0,2.6917237593673797,[30.0, 2.6917237593673797],0.00023885438601283228,False,True,4.392625774091467,18,59.14794013245511,65.879,in_progress,0.0
21,28.0,6.243087098566081,3.523787020204173,58.47418337475743,30.0,2.520503198056123,[30.0, 2.520503198056123],0.7437507419192817,False,True,4.589336515886849,19,59.14794013245511,65.947,in_progress,0.0
21,29.0,6.315658688638225,3.6509961786282914,59.403610938068056,-9.390792734979318,1.1047640624992634,[-9.390792734979318, 1.1047640624992634],0.40940387764175556,False,True,4.828413777884852,19,59.14794013245511,66.016,in_progress,0.0
21,30.0,6.37438894195998,3.770236306283083,61.52916846609416,-30.0,1.0,[-30.0, 1.0],0.010571356944052025,False,True,5.048998610050752,20,59.14794013245511,66.08,in_progress,0.0
21,31.0,6.434348398460072,3.8753108882734777,60.950069312753115,-9.634928206290546,3.5,[-9.634928206290546, 3.5],0.02574100535535423,False,True,5.244660751128204,20,59.14794013245511,66.147,in_progress,0.0
21,32.0,6.497944922576314,3.97244527474594,59.14327645642783,2.0006105004365793,1.0,[2.0006105004365793, 1.0],0.6873761607572029,False,True,5.430596571584161,21,59.14794013245511,66.213,in_progress,0.0
21,33.0,6.569730983843825,4.074130807735184,56.82627765352713,30.0,1.4962657407803697,[30.0, 1.4962657407803697],0.0429485871478417,False,True,5.62745269851002,21,59.14794013245511,66.28,in_progress,0.0
21,34.0,6.630625509638435,4.168808124784136,57.069113237248914,-6.666241599752034,2.6091820540913044,[-6.666241599752034, 2.6091820540913044],0.2533141578159957,False,True,5.803424976880614,21,59.14794013245511,66.348,in_progress,0.0
21,35.0,6.695622058635244,4.281963535981095,58.44395661605726,15.262906765651131,2.232145599053794,[15.262906765651131, 2.232145599053794],0.5495323553908485,False,True,6.01544872224829,22,59.14794013245511,66.408,in_progress,0.0
21,36.0,6.770435562194366,4.4214483327639185,60.17388161803666,13.739183636500336,1.1622261579161883,[13.739183636500336, 1.1622261579161883],0.28370119230294505,False,True,6.268699407128764,22,59.14794013245511,66.481,in_progress,0.0
21,37.0,6.813595985440577,4.512868480744919,61.836649609376245,12.545857418665733,1.0,[12.545857418665733, 1.0],0.01045556544685713,False,True,6.435821488941,22,59.14794013245511,66.545,in_progress,0.0
21,38.0,6.866663953770369,4.626375652803498,63.302472945056316,-0.0682932542261554,2.295053847439427,[-0.0682932542261554, 2.295053847439427],0.062344819466603155,False,True,6.64311981987606,23,59.14794013245511,66.617,in_progress,0.0
21,39.0,6.912129408975633,4.725468651265239,64.09190606933872,-30.0,1.2131463181778395,[-30.0, 1.2131463181778395],0.294022787249728,False,True,6.766408360835994,23,59.14794013245511,66.681,in_progress,0.0
21,40.0,6.9677242258432175,4.829154454847032,63.14337572881991,17.905728324524297,1.973817869001622,[17.905728324524297, 1.973817869001622],0.062270228419135966,False,True,6.953163467077567,23,59.14794013245511,66.745,in_progress,0.0
21,41.0,7.027573945756896,4.934985282388399,62.01602920640085,-23.668884135001697,2.9392548140799195,[-23.668884135001697, 2.9392548140799195],0.03511598415431845,False,True,7.144518774956811,24,59.14794013245511,66.809,in_progress,0.0
21,42.0,7.086401026631889,5.033148059753049,60.72227810667152,10.029355598127474,1.5723000865646368,[10.029355598127474, 1.5723000865646368],0.2370778764813861,False,False,7.208158219667758,24,59.14794013245511,66.879,in_progress,0.0
21,43.0,7.154648719742394,5.136611404660925,58.82681204382389,28.54272221858414,1.304229690844418,[28.54272221858414, 1.304229690844418],0.2944668730291819,False,False,7.356961961652579,24,59.14794013245511,66.9,in_progress,0.0
21,44.0,7.218819068909362,5.237357722562349,58.2534748015563,-0.2590818925584095,1.0,[-0.2590818925584095, 1.0],0.2007167732855824,False,False,7.525291488174861,25,59.14794013245511,67.013,in_progress,0.0
21,45.0,7.269169664359274,5.334068132400586,59.90548714041812,8.298733001471689,2.1381257077147198,[8.298733001471689, 2.1381257077147198],0.4447044119606031,False,False,7.687223359133465,25,59.14794013245511,67.049,in_progress,0.0
21,46.0,7.3174490353559705,5.432095011547202,61.398932571018975,-30.0,2.7886480150500086,[-30.0, 2.7886480150500086],0.06876047998236845,True,False,7.7165328241213675,25,59.14794013245511,67.143,off_track,0.0
22,1.0,6.321205100304753,3.9000361432499746,74.78684851754274,-21.924697017479843,1.9803147102691718,[-21.924697017479843, 1.9803147102691718],0.0,False,True,0.23716592921020768,20,59.14794013245511,67.284,prepare,0.0
22,2.0,6.321080063440506,3.89977778088235,74.79039643724404,-25.207814975250944,2.785565304326013,[-25.207814975250944, 2.785565304326013],0.14306975677419295,False,True,0.236690071487336,20,59.14794013245511,67.353,in_progress,0.0
22,3.0,6.320636678693699,3.9065034651741297,75.33463714177624,29.431914201736802,2.2706323808240167,[29.431914201736802, 2.2706323808240167],0.2924784850136433,False,True,0.24750984809016885,20,59.14794013245511,67.42,in_progress,0.0
22,4.0,6.327212439780624,3.925834215432008,74.9974186641143,17.34403734247725,3.129006920664064,[17.34403734247725, 3.129006920664064],0.24295969493058722,False,True,0.28193540997045186,20,59.14794013245511,67.477,in_progress,0.0
22,5.0,6.338059041916782,3.965315889284303,74.8213669966128,30.0,1.559038259853377,[30.0, 1.559038259853377],0.1500758882412737,False,True,0.35115182199937783,20,59.14794013245511,67.551,in_progress,0.0
22,6.0,6.345761010576056,4.011487816428297,75.7630306713134,-16.110249497368862,1.676836915866891,[-16.110249497368862, 1.676836915866891],0.552472964715063,False,True,0.4299849511061882,21,59.14794013245511,67.609,in_progress,0.0
22,7.0,6.359317600857016,4.079906787347112,76.53329752461651,7.858026849229503,1.0,[7.858026849229503, 1.0],0.9570283958816617,False,True,0.5477109597005689,21,59.14794013245511,67.683,in_progress,0.0
22,8.0,6.37142206782812,4.155738112602236,77.83716175553724,6.507527867886964,1.0,[6.507527867886964, 1.0],0.05429512525756652,False,True,0.6769529890192625,21,59.14794013245511,67.738,in_progress,0.0
22,9.0,6.38250431940721,4.220667740607445,78.47052266536271,-14.586874250934624,2.5985001894437776,[-14.586874250934624, 2.5985001894437776],0.20878451768355188,False,True,0.7883341819671069,21,59.14794013245511,67.809,in_progress,0.0
22,10.0,6.398871900576057,4.298254259897147,78.33834960516904,-22.12892035876367,2.0120005416847366,[-22.12892035876367, 2.0120005416847366],0.23224662431344978,False,True,0.922320373276718,21,59.14794013245511,67.875,in_progress,0.0
22,11.0,6.426275833939883,4.3891659701605965,76.4614819699014,-30.0,2.0453751804879756,[-30.0, 2.0453751804879756],0.799926489788056,False,True,1.0826408091054243,22,59.14794013245511,67.932,in_progress,0.0
22,12.0,6.4700405997815675,4.488951585581237,72.35276789086909,-29.34473023485852,3.422601077074356,[-29.34473023485852, 3.422601077074356],0.15147136554299012,False,True,1.2641123663682112,22,59.14794013245511,68.01,in_progress,0.0
22,13.0,6.5325850288113,4.593402306606524,66.3431743136849,-30.0,3.5,[-30.0, 3.5],0.14830030775468206,False,True,1.4601521913012172,23,59.14794013245511,68.084,in_progress,0.0
22,14.0,6.620485394203721,4.70238598323143,58.526946614772676,30.0,3.5,[30.0, 3.5],0.4973772449558803,False,True,1.673421272414645,23,59.14794013245511,68.13,in_progress,0.0
22,15.0,6.746504755041669,4.823043558854343,48.48635790564123,22.562940440848166,2.442253377607861,[22.562940440848166, 2.442253377607861],0.08912671171630125,False,True,1.8904459250756303,23,59.14794013245511,68.212,in_progress,0.0
22,16.0,6.857475212924586,4.913089436697445,40.85924072149301,30.0,1.2840550643054218,[30.0, 1.2840550643054218],0.5042341359065899,False,True,2.067507409684351,24,59.14794013245511,68.279,in_progress,0.0
22,17.0,6.984086259097648,5.000269211319044,32.579455375780825,-13.788130592182036,3.5,[-13.788130592182036, 3.5],0.3158078922632787,False,True,2.208158219667758,24,59.14794013245511,68.355,in_progress,0.0
22,18.0,7.11101902155099,5.072974579557431,26.477237467022086,-4.7878657599741565,3.5,[-4.7878657599741565, 3.5],0.1885074952694411,False,True,2.2507310613773104,24,59.14794013245511,68.416,in_progress,0.0
22,19.0,7.266527395655563,5.139797486828944,19.056461132415205,14.262362271382983,1.0,[14.262362271382983, 1.0],0.014488251121649642,False,False,2.358910084415479,24,59.14794013245511,68.476,in_progress,0.0
22,20.0,7.426668094334971,5.190560562596373,10.214434871237742,-14.36549892998962,1.9696111616243068,[-14.36549892998962, 1.9696111616243068],0.05384057697075775,True,False,2.4397992866773297,24,59.14794013245511,68.551,off_track,0.0
23,1.0,5.60238884347,6.317928975220097,162.51095559106327,-13.772977582497688,1.7195651325302554,[-13.772977582497688, 1.7195651325302554],0.0,False,True,0.23700742459359658,30,59.14794013245511,68.676,prepare,0.0
23,2.0,5.602541587964804,6.317798090682838,162.5168027504164,3.9039996056115385,3.0129175616890165,[3.9039996056115385, 3.0129175616890165],0.03634600848031577,False,True,0.23669463329828166,30,59.14794013245511,68.749,in_progress,0.0
23,3.0,5.595804370865242,6.323367669906403,161.5786504960938,-30.0,1.0,[-30.0, 1.0],0.5663805308549156,False,True,0.2503878218133554,30,59.14794013245511,68.809,in_progress,0.0
23,4.0,5.574720436938685,6.332575408841383,160.87365829449965,-14.850172548250438,2.659084302809161,[-14.850172548250438, 2.659084302809161],0.6196193348212561,False,True,0.28727380430767224,30,59.14794013245511,68.858,in_progress,0.0
23,5.0,5.535847684755956,6.350728165303035,159.8084383801645,-24.751854142411553,1.1415873893677713,[-24.751854142411553, 1.1415873893677713],0.8312503983778383,False,True,0.3570277563962221,30,59.14794013245511,68.946,in_progress,0.0
23,6.0,5.48846713643992,6.379531433367204,157.3899908704296,23.370247370910356,2.231792299671512,[23.370247370910356, 2.231792299671512],0.007962587781130681,False,True,0.4438371269940705,30,59.14794013245511,69.013,in_progress,0.0
23,7.0,5.431876398060387,6.4111294172452995,155.7336632887613,22.568454678116964,2.918450782352184,[22.568454678116964, 2.918450782352184],0.3218604449081255,False,True,0.5467699092319395,31,59.14794013245511,69.082,in_progress,0.0
23,8.0,5.357832278225849,6.4481981039337954,154.97007481995738,22.46035512397674,3.5,[22.46035512397674, 3.5],0.9407959588038666,False,True,0.6803034810758612,31,59.14794013245511,69.14,in_progress,0.0
23,9.0,5.273476670328748,6.4856292157764175,155.36354721612395,27.8487341380129,3.361786168867479,[27.8487341380129, 3.361786168867479],0.3770061425543107,False,True,0.793084097591043,31,59.14794013245511,69.217,in_progress,0.0
23,10.0,5.16474217460463,6.521281255632551,158.12822264236118,-22.297838612540144,2.701962579831744,[-22.297838612540144, 2.701962579831744],0.008683682455208775,False,True,0.9746338818468231,31,59.14794013245511,69.285,in_progress,0.0
23,11.0,5.040805333121317,6.553939362510123,161.43921944179684,21.132764390763114,2.8231079745017356,[21.132764390763114, 2.8231079745017356],0.8419461472161809,False,True,1.1820512169507802,32,59.14794013245511,69.348,in_progress,0.0
23,12.0,4.90135823971361,6.585830419387977,164.33546171677492,-8.723486303211338,2.620775087609623,[-8.723486303211338, 2.620775087609623],0.0003831342038048802,False,True,1.3056765409277609,32,59.14794013245511,69.413,in_progress,0.0
23,13.0,4.757104621498785,6.611381457146817,167.07542840127857,-25.1378491500549,3.093246476016109,[-25.1378491500549, 3.093246476016109],0.37177904517723426,False,True,1.525126421589254,33,59.14794013245511,69.479,in_progress,0.0
23,14.0,4.593387956263888,6.645112079703617,167.64159890198474,11.128492699459038,1.0,[11.128492699459038, 1.0],0.513042843909853,False,True,1.7717686544319544,33,59.14794013245511,69.545,in_progress,0.0
23,15.0,4.427406867244691,6.683448504885101,167.30660448986092,-23.67679546347334,1.8074138216682396,[-23.67679546347334, 1.8074138216682396],0.472051093188981,False,True,1.7762376000599045,33,59.14794013245511,69.61,in_progress,0.0
23,16.0,4.276186792954735,6.720679885284885,166.58089697218583,-24.082546768483358,2.505818724994391,[-24.082546768483358, 2.505818724994391],0.10918233740081407,False,False,1.8908817102437498,33,59.14794013245511,69.682,in_progress,0.0
23,17.0,4.148738568126198,6.760803171420721,164.47401587933908,5.643244162089175,2.496185668450293,[5.643244162089175, 2.496185668450293],0.05053068810584682,False,False,2.020376302324295,33,59.14794013245511,69.743,in_progress,0.0
23,18.0,3.991634132492991,6.8205884169822415,161.5083196197034,-30.0,2.909712632019263,[-30.0, 2.909712632019263],0.04653896574894957,True,False,2.1693642886403546,34,59.14794013245511,69.817,off_track,0.0
24,1.0,3.872561128672455,4.453277217900105,-105.8694391008257,-30.0,1.6802602567263523,[-30.0, 1.6802602567263523],0.0,False,True,0.2368566315797821,40,59.14794013245511,69.943,prepare,0.0
24,2.0,3.8725580842268053,4.453377709770125,-105.88961742988096,-5.720890547763084,1.0,[-5.720890547763084, 1.0],0.01696615672461954,False,True,0.2366946332982789,40,59.14794013245511,70.015,in_progress,0.0
24,3.0,3.869727091740825,4.443473602683143,-105.86240360959911,22.241584667658067,1.0,[22.241584667658067, 1.0],0.014581823850943088,False,True,0.25410988651054234,40,59.14794013245511,70.085,in_progress,0.0
24,4.0,3.8612394874202796,4.420862680949216,-106.3801077470692,-12.566242300358805,1.0,[-12.566242300358805, 1.0],0.1099527957730343,False,True,0.2948057379334512,40,59.14794013245511,70.144,in_progress,0.0
24,5.0,3.8469685731352494,4.387384231314352,-107.43942577873314,4.026809150871252,3.5,[4.026809150871252, 3.5],0.4387996564660548,False,True,0.35576018993245806,40,59.14794013245511,70.216,in_progress,0.0
24,6.0,3.825796210456282,4.338722364078398,-108.77488396297602,-30.0,2.947824186186975,[-30.0, 2.947824186186975],0.7278415826705773,False,True,0.44458968881865846,40,59.14794013245511,70.277,in_progress,0.0
24,7.0,3.798578002403491,4.280170634681448,-110.36678659324315,4.144772920245693,1.9157265555521874,[4.144772920245693, 1.9157265555521874],0.19953516309552832,False,True,0.5522564611934594,40,59.14794013245511,70.351,in_progress,0.0
24,8.0,3.762255537993709,4.210190420866399,-112.56046938451667,-22.324048671762387,1.6682579447415478,[-22.324048671762387, 1.6682579447415478],0.16808277605015942,False,True,0.6826436689362253,41,59.14794013245511,70.414,in_progress,0.0
24,9.0,3.712924492344338,4.129322739071636,-115.77851606194841,-26.30726894029274,2.911075960481443,[-26.30726894029274, 2.911075960481443],0.0596155356853509,False,True,0.836625648950215,41,59.14794013245511,70.479,in_progress,0.0
24,10.0,3.6548223400228883,4.051027962377455,-119.7409639506165,-30.0,3.050225031745607,[-30.0, 3.050225031745607],0.4098270986806199,False,True,0.9883844210707454,41,59.14794013245511,70.548,in_progress,0.0
24,11.0,3.563874442774731,3.958305316660875,-126.60112632825678,30.0,2.9700085241770626,[30.0, 2.9700085241770626],0.6714290905688826,False,True,1.1791834270005463,42,59.14794013245511,70.615,in_progress,0.0
24,12.0,3.468293195523886,3.8807240002155883,-133.11889737429394,-30.0,1.0,[-30.0, 1.0],0.6418497032695999,False,True,1.4927200677051693,42,59.14794013245511,70.652,in_progress,0.0
24,13.0,3.3624301656569258,3.8064775201636887,-139.09986155486678,-6.85371240376918,2.177278274744526,[-6.85371240376918, 2.177278274744526],0.7627865222154185,False,True,1.6991333043191559,43,59.14794013245511,70.744,in_progress,0.0
24,14.0,3.2540076870080403,3.742559658512038,-143.94310140234464,-6.504562488363533,1.662825994566879,[-6.504562488363533, 1.662825994566879],0.12624952831279287,False,True,1.9949303171148014,43,59.14794013245511,70.807,in_progress,0.0
24,15.0,3.137232103728475,3.6849289908278773,-148.5071991065685,9.798550147209227,1.0,[9.798550147209227, 1.0],0.005273200797887601,False,True,2.2053348787986815,44,59.14794013245511,70.854,in_progress,0.0
24,16.0,3.036708372321508,3.6419788499016597,-151.80002242984284,-9.68339603150963,1.1333791145655974,[-9.68339603150963, 1.1333791145655974],0.5845042294536648,False,True,2.5312136646301138,44,59.14794013245511,70.95,in_progress,0.0
24,17.0,2.9368997263904157,3.604099397852885,-154.7350268589797,2.755744619674388,1.317107453923951,[2.755744619674388, 1.317107453923951],0.024742180028339434,False,True,2.709465035390707,45,59.14794013245511,71.009,in_progress,0.0
24,18.0,2.838379437261296,3.5725687323754194,-157.58538579464133,14.517211367151248,1.2965198213793494,[14.517211367151248, 1.2965198213793494],0.32675569259856974,False,True,3.089872296262386,45,59.14794013245511,71.075,in_progress,0.0
24,19.0,2.753617072385947,3.5397193360166503,-157.99688689535645,-30.0,3.5,[-30.0, 3.5],0.4342230046420228,False,True,3.2416986744065763,46,59.14794013245511,71.148,in_progress,0.0
24,20.0,2.66471704013067,3.5016489772838186,-157.62119824148098,30.0,2.264917748196679,[30.0, 2.264917748196679],0.17673439895025578,False,True,3.5964577579349566,46,59.14794013245511,71.212,in_progress,0.0
24,21.0,2.542460636693569,3.4569836468435664,-158.6668128487525,30.0,3.4087938626516174,[30.0, 3.4087938626516174],0.5451299414589023,False,True,3.7931584255074036,47,59.14794013245511,71.281,in_progress,0.0
24,22.0,2.4244163008524664,3.4074116575996594,-157.9591290549157,20.55704939580972,2.7144538100580995,[20.55704939580972, 2.7144538100580995],0.17864045219007824,False,True,4.076176826525363,47,59.14794013245511,71.347,in_progress,0.0
24,23.0,2.30498480569188,3.3452851926994005,-155.27042089166926,-15.545838838983045,1.980011585484949,[-15.545838838983045, 1.980011585484949],0.26288599756012576,False,True,4.223232379230235,48,59.14794013245511,71.415,in_progress,0.0
24,24.0,2.173194479129744,3.273378164040107,-153.24694950754795,-30.0,3.5,[-30.0, 3.5],0.05289909023071724,False,True,4.383357910349539,48,59.14794013245511,71.48,in_progress,0.0
24,25.0,2.0408240470189054,3.208286949373277,-153.5901131306504,10.027078400473691,3.5,[10.027078400473691, 3.5],0.2740403861409186,False,True,4.49046632324894,48,59.14794013245511,71.548,in_progress,0.0
24,26.0,1.8826136872810513,3.1436835449528466,-156.00548336540797,18.261163648141896,1.382212733592633,[18.261163648141896, 1.382212733592633],0.6623030545876344,False,True,4.6443371692480335,48,59.14794013245511,71.614,in_progress,0.0
24,27.0,1.7320701124543743,3.077173732975269,-156.73977365818212,20.5017129938254,1.4892391002635668,[20.5017129938254, 1.4892391002635668],0.501414698025045,False,True,4.785793075707104,49,59.14794013245511,71.681,in_progress,0.0
24,28.0,1.5859680942086831,2.9982166593304496,-153.84320941753532,-9.72091301685682,2.4840945290686935,[-9.72091301685682, 2.4840945290686935],0.09861384860426176,False,False,4.903072361411848,49,59.14794013245511,71.748,in_progress,0.0
24,29.0,1.4691938460513239,2.92760274429397,-151.4505962528245,-30.0,1.0,[-30.0, 1.0],0.07439222990125485,False,False,4.903072361411848,49,59.14794013245511,71.811,in_progress,0.0
24,30.0,1.347003222912297,2.857077503411727,-150.78058006255242,30.0,1.0,[30.0, 1.0],0.037159915078403,True,False,4.903072361411848,49,59.14794013245511,71.874,off_track,0.0
25,1.0,1.7970878995085373,3.620248892788634,133.566786801424,10.877820720420239,1.0,[10.877820720420239, 1.0],0.0,False,True,0.23693193087125364,50,59.14794013245511,72.01,prepare,0.0
25,2.0,1.797150763653443,3.6201149298682713,133.60964968756068,9.009057149357986,3.3313146400512457,[9.009057149357986, 3.3313146400512457],0.6716227590954036,False,True,0.2366946332982789,50,59.14794013245511,72.083,in_progress,0.0
25,3.0,1.792050878123022,3.6249581432698923,133.5944601120573,-6.958177100917425,1.6942917170099023,[-6.958177100917425, 1.6942917170099023],0.6661817821003276,False,True,0.24857054811518453,50,59.14794013245511,72.137,in_progress,0.0
25,4.0,1.7790337853621296,3.6363922332059775,133.8862276674507,-10.144577769235624,2.471354995315698,[-10.144577769235624, 2.471354995315698],0.8167090729314493,False,True,0.2777471298990475,50,59.14794013245511,72.213,in_progress,0.0
25,5.0,1.7538575215884886,3.6604077214257567,134.22048696033752,-30.0,1.697767104542887,[-30.0, 1.697767104542887],0.791264670770801,False,True,0.3365043158613801,50,59.14794013245511,72.279,in_progress,0.0
25,6.0,1.722274656422516,3.69778800274099,133.35850718260323,-30.0,1.0,[-30.0, 1.0],0.5065933978128524,False,True,0.4188104055846187,50,59.14794013245511,72.343,in_progress,0.0
25,7.0,1.6882161739018058,3.7489846939274556,130.96071156812062,29.91064139852473,3.5,[29.91064139852473, 3.5],7.252266539037323e-06,False,True,0.522766201268221,50,59.14794013245511,72.409,in_progress,0.0
25,8.0,1.652478706936466,3.8095653670238288,128.11619485268872,-20.556975132507134,1.0,[-20.556975132507134, 1.0],0.8689483426387007,False,True,0.6414417754698754,50,59.14794013245511,72.483,in_progress,0.0
25,9.0,1.6127945859647437,3.8751814025320623,125.96440909696804,-29.989551369690883,1.4296323621569373,[-29.989551369690883, 1.4296323621569373],0.13694958445024927,False,True,0.7709086661608466,51,59.14794013245511,72.545,in_progress,0.0
25,10.0,1.5809209482094195,3.946106385384987,122.40189795318045,10.762437252597493,2.398853374757563,[10.762437252597493, 2.398853374757563],0.8881723421969155,False,True,0.9003826681761085,51,59.14794013245511,72.606,in_progress,0.0
25,11.0,1.5498536926888762,4.0271776094763965,118.58586837283816,-30.0,1.908188647640256,[-30.0, 1.908188647640256],0.025468498245878914,False,True,1.004269434136007,51,59.14794013245511,72.677,in_progress,0.0
25,12.0,1.5217929719610725,4.123742318531274,113.90711402641685,30.0,1.0,[30.0, 1.0],0.04383546507894452,False,True,1.1305490117491601,51,59.14794013245511,72.745,in_progress,0.0
25,13.0,1.5010609122486809,4.218320005317211,109.08869353066663,-11.144632637258923,3.5,[-11.144632637258923, 3.5],0.31743498619085403,False,True,1.2445255263848098,52,59.14794013245511,72.808,in_progress,0.0
25,14.0,1.4788395350193995,4.321842945293925,106.21499885148998,-7.306580515312991,2.7114591699424997,[-7.306580515312991, 2.7114591699424997],0.21548675095016823,False,True,1.368604236954163,52,59.14794013245511,72.886,in_progress,0.0
25,15.0,1.4651248804843446,4.438276682085293,101.84823189954811,11.20725434200937,1.0662543337185557,[11.20725434200937, 1.0662543337185557],0.05969095092631438,False,True,1.4221622950323531,52,59.14794013245511,72.95,in_progress,0.0
25,16.0,1.4551051473556837,4.5470094939107915,98.83959072817463,-4.6538180603324975,1.9918758740931923,[-4.6538180603324975, 1.9918758740931923],0.5103379751104312,False,True,1.4221622950323531,52,59.14794013245511,73.009,in_progress,0.0
25,17.0,1.4484541427633415,4.658103744815591,96.5638499396684,-17.414677002762986,2.3147996716013344,[-17.414677002762986, 2.3147996716013344],0.12933764875950277,False,False,1.4221622950323531,52,59.14794013245511,73.085,in_progress,0.0
25,18.0,1.450908122873474,4.783131279889462,93.07039641338112,-30.0,1.0,[-30.0, 1.0],0.20610842635785512,False,False,1.4380357792853682,52,59.14794013245511,73.143,in_progress,0.0
25,19.0,1.4619873637271505,4.900383208271704,89.4885556624558,6.623090814839017,3.0087562698045174,[6.623090814839017, 3.0087562698045174],0.003149190858846529,True,False,1.463983668628066,52,59.14794013245511,73.212,off_track,0.0
26,1.0,-0.7520546822514658,3.4719398033984876,-156.96902558083693,15.320785181421286,2.4673068899798296,[15.320785181421286, 2.4673068899798296],0.0,False,True,0.23697052531373997,60,59.14794013245511,73.35,prepare,0.0
26,2.0,-0.7518062545021889,3.4717725847264496,-156.96417617297465,-30.0,3.5,[-30.0, 3.5],0.008199593392487436,False,True,0.2366946332982789,60,59.14794013245511,73.401,in_progress,0.0
26,3.0,-0.7613349734005119,3.4732650122135698,-158.20393911478814,21.015255228793983,2.4414127651513127,[21.015255228793983, 2.4414127651513127],0.29280092586794393,False,True,0.25053265649876977,60,59.14794013245511,73.48,in_progress,0.0
26,4.0,-0.7797995334915022,3.470376785540855,-159.31401005756595,-30.0,1.0,[-30.0, 1.0],0.6386725436376798,False,True,0.28117173711891263,60,59.14794013245511,73.502,in_progress,0.0
26,5.0,-0.8181761407846607,3.4628294669094486,-160.84821174998328,30.0,2.9495402666634387,[30.0, 2.9495402666634387],0.30918165504417516,False,True,0.34587354469718945,60,59.14794013245511,73.615,in_progress,0.0
26,6.0,-0.8636512390371247,3.4590632143985713,-163.54780810723634,2.724683700266567,2.2108258269366052,[2.724683700266567, 2.2108258269366052],0.34099207238687623,False,True,0.41911817526695816,60,59.14794013245511,73.677,in_progress,0.0
26,7.0,-0.9213229157907428,3.450171656711321,-165.4138761089474,-9.598648635810147,2.2632221996753152,[-9.598648635810147, 2.2632221996753152],0.9041196982915034,False,True,0.45207187880875743,60,59.14794013245511,73.747,in_progress,0.0
26,8.0,-0.9959767140390117,3.4406808845655514,-167.56555484244814,-20.889277694760928,2.441827327810871,[-20.889277694760928, 2.441827327810871],0.031532613421486944,False,True,0.5275638652814274,60,59.14794013245511,73.813,in_progress,0.0
26,9.0,-1.0783291901339576,3.437435188786046,-170.83952755116957,30.0,1.1977220218821922,[30.0, 1.1977220218821922],0.6883743802769018,False,True,0.6001746171407862,60,59.14794013245511,73.877,in_progress,0.0
26,10.0,-1.1749319738062844,3.4370019256667224,-174.05751461967208,-3.8933799768949093,3.15339190977757,[-3.8933799768949093, 3.15339190977757],0.008502107021161455,False,True,0.6803679686103792,60,59.14794013245511,73.949,in_progress,0.0
26,11.0,-1.2711156549780422,3.4373980264616706,-176.38066656974408,30.0,1.7298357750254998,[30.0, 1.7298357750254998],0.5406676887270501,False,True,0.7589915831588689,61,59.14794013245511,74.015,in_progress,0.0
26,12.0,-1.3786366071836846,3.436308877797255,-177.63649502151074,-30.0,1.0,[-30.0, 1.0],0.30288053380336916,False,True,0.8491446351094722,61,59.14794013245511,74.082,in_progress,0.0
26,13.0,-1.482631764809045,3.4353032304833477,-178.3145512969748,-12.738301773335131,1.1871416677323743,[-12.738301773335131, 1.1871416677323743],0.17458160162042413,False,False,0.9177037304775537,61,59.14794013245511,74.144,in_progress,0.0
26,14.0,-1.5754099973454556,3.4348426937281147,-178.80119653396616,30.0,1.0,[30.0, 1.0],0.06200413596370518,False,False,0.9177037304775537,61,59.14794013245511,74.208,in_progress,0.0
26,15.0,-1.6614519831994705,3.434364627047627,-179.06109348660473,-6.522263019096357,3.5,[-6.522263019096357, 3.5],0.037804687220893196,False,False,0.9410431358522375,61,59.14794013245511,74.274,in_progress,0.0
26,16.0,-1.7576146204023055,3.4349894110364105,-179.6579693569936,-20.71864180467294,3.41356174348866,[-20.71864180467294, 3.41356174348866],0.09139055918680533,True,False,2.7997587782152777,65,59.14794013245511,74.331,off_track,0.0
27,1.0,-3.0043049604153587,3.5032676619359857,125.18633298486318,-6.5852618725445105,1.4800729938759851,[-6.5852618725445105, 1.4800729938759851],0.0,False,True,0.23686742759094215,70,59.14794013245511,74.48,prepare,0.0
27,2.0,-3.004370513692355,3.503455413266638,125.11401085712497,22.191301935573584,3.5,[22.191301935573584, 3.5],0.020590150066986945,False,True,0.23719073780585354,70,59.14794013245511,74.548,in_progress,0.0
27,3.0,-3.0098462651582665,3.5103547383570084,125.29746232265123,30.0,3.5,[30.0, 3.5],0.03498604215979491,False,True,0.2520584179106,70,59.14794013245511,74.583,in_progress,0.0
27,4.0,-3.024213332549637,3.527050867139295,125.7740625226552,-13.18258204464022,2.151385723664988,[-13.18258204464022, 2.151385723664988],0.14475609734893347,False,True,0.2891245545467158,70,59.14794013245511,74.671,in_progress,0.0
27,5.0,-3.0483516465269687,3.5561832549479453,126.32103376755585,-4.534931726238099,1.265599149477549,[-4.534931726238099, 1.265599149477549],0.33489131058693533,False,True,0.3528937748165928,70,59.14794013245511,74.747,in_progress,0.0
27,6.0,-3.0808837258817308,3.595451037066423,126.89944158702617,0.7821340534029062,1.999023066260785,[0.7821340534029062, 1.999023066260785],0.7099229118621302,False,True,0.4388447827399167,70,59.14794013245511,74.816,in_progress,0.0
27,7.0,-3.1215367190861087,3.640835283441444,128.11491780422583,25.755892420704967,3.3668390038127693,[25.755892420704967, 3.3668390038127693],0.6162011983554835,False,True,0.5373764519686408,70,59.14794013245511,74.879,in_progress,0.0
27,8.0,-3.1764309061034495,3.6947390257222845,130.33163350706602,-6.533677919471167,1.0,[-6.533677919471167, 1.0],0.012626808318639049,False,True,0.6616130132723996,70,59.14794013245511,74.945,in_progress,0.0
27,9.0,-3.236682768908506,3.746443264738109,133.28198760749245,-10.294784417183426,1.4736698840207998,[-10.294784417183426, 1.4736698840207998],0.9053815955769047,False,True,0.7868687231477656,71,59.14794013245511,74.98,in_progress,0.0
27,10.0,-3.3110038279211453,3.8129277634170564,135.04652421627569,-17.6035626381963,2.083285148596619,[-17.6035626381963, 2.083285148596619],0.07499265240199582,False,True,0.9454022955218078,71,59.14794013245511,75.076,in_progress,0.0
27,11.0,-3.3706269990607183,3.8710088935481943,135.20120891047145,30.0,1.0,[30.0, 1.0],0.23470661619007446,False,True,1.1217079100322047,71,59.14794013245511,75.146,in_progress,0.0
27,12.0,-3.4410316571335136,3.9383766093153443,135.63544250473134,-1.4327204362579984,2.4269236610574363,[-1.4327204362579984, 2.4269236610574363],0.09247406503334112,False,True,1.2853801501819695,72,59.14794013245511,75.214,in_progress,0.0
27,13.0,-3.514543354848171,4.003962356406179,136.54960613834356,-30.0,2.708888726619044,[-30.0, 2.708888726619044],0.04344763101741302,False,True,1.543862031058224,72,59.14794013245511,75.281,in_progress,0.0
27,14.0,-3.5935609343013075,4.079445584975632,136.31502734649357,2.520594576730474,3.1803227190441214,[2.520594576730474, 3.1803227190441214],0.07357628511941727,False,True,1.7220675902065552,72,59.14794013245511,75.351,in_progress,0.0
27,15.0,-3.6812231706141083,4.1708850795537264,135.10679342237304,-3.1645162178380097,2.391315658193057,[-3.1645162178380097, 2.391315658193057],0.3003799794894596,False,True,1.925957762299757,73,59.14794013245511,75.416,in_progress,0.0
27,16.0,-3.7796639867482162,4.28512367472801,132.7444248472116,1.0075181831977602,2.3878888947615557,[1.0075181831977602, 2.3878888947615557],0.09972019162656443,False,True,2.1673646616614137,73,59.14794013245511,75.485,in_progress,0.0
27,17.0,-3.860887767920972,4.383978156831866,131.1665704319445,17.108151160522254,3.1750915533100157,[17.108151160522254, 3.1750915533100157],0.22144019850901442,False,True,2.3292606325931278,74,59.14794013245511,75.546,in_progress,0.0
27,18.0,-3.98093558257489,4.521757264165871,131.0868737977225,21.9419038007439,1.0,[21.9419038007439, 1.0],0.25511627699806316,False,True,2.508832509292774,74,59.14794013245511,75.613,in_progress,0.0
27,19.0,-4.07115921715538,4.613590003346989,132.61785916429181,-2.0471852465280627,3.5,[-2.0471852465280627, 3.5],0.01175561451973044,False,True,2.6124577359071646,74,59.14794013245511,75.678,in_progress,0.0
27,20.0,-4.181264161964886,4.715337835955622,135.02783127117667,-3.3104181080082036,2.6668008913216186,[-3.3104181080082036, 2.6668008913216186],0.2817096813443007,False,True,2.7818008153006337,75,59.14794013245511,75.743,in_progress,0.0
27,21.0,-4.311855466656338,4.832691536163328,136.71885797177123,-2.7642176016580535,2.0496151758567067,[-2.7642176016580535, 2.0496151758567067],0.4994806613072262,False,False,2.9831752274341703,75,59.14794013245511,75.815,in_progress,0.0
27,22.0,-4.436825770701857,4.9393140115188094,138.22023096379357,-30.0,1.0059884964976662,[-30.0, 1.0059884964976662],0.09989247042605323,False,False,3.016658948518247,75,59.14794013245511,75.878,in_progress,0.0
27,23.0,-4.551936522826756,5.0443059335741545,137.97217253089096,-30.0,3.308847661584671,[-30.0, 3.308847661584671],0.031400082079545456,True,False,3.016658948518247,75,59.14794013245511,75.951,off_track,0.0
28,1.0,-5.289070626737231,3.454565591660677,-133.75659372822383,-4.868516154045331,1.5776720789251928,[-4.868516154045331, 1.5776720789251928],0.0,False,True,0.23613273205985164,79,59.14794013245511,76.073,prepare,0.0
28,2.0,-5.288794252357289,3.4545531031948733,-133.7040619725425,-11.966424332276919,2.8599708830630624,[-11.966424332276919, 2.8599708830630624],0.7881761436503828,False,True,0.23585939028708536,79,59.14794013245511,76.147,in_progress,0.0
28,3.0,-5.294640665955203,3.4506760698187695,-133.97794442284408,30.0,2.1253933851273583,[30.0, 2.1253933851273583],0.7444472855038522,False,True,0.2471326363998605,79,59.14794013245511,76.21,in_progress,0.0
28,4.0,-5.312560248476177,3.4342179220951103,-134.48273841452757,-18.625304040031864,3.5,[-18.625304040031864, 3.5],0.8010323571166953,False,True,0.2877516867776264,79,59.14794013245511,76.282,in_progress,0.0
28,5.0,-5.335616879464421,3.412281022680908,-134.7255033393104,8.67664785820702,3.337141988136106,[8.67664785820702, 3.337141988136106],0.6552219027152839,False,True,0.34102367623233265,80,59.14794013245511,76.349,in_progress,0.0
28,6.0,-5.376443709015045,3.3752593758652756,-135.50589306783888,-17.903160011840995,3.403942365571736,[-17.903160011840995, 3.403942365571736],0.2433386426198516,False,True,0.4329369801867322,80,59.14794013245511,76.414,in_progress,0.0
28,7.0,-5.425141425765653,3.3331945546854636,-136.54028312439826,12.274883289451282,3.02681298382963,[12.274883289451282, 3.02681298382963],0.04226739075752739,False,True,0.5397933137073485,80,59.14794013245511,76.484,in_progress,0.0
28,8.0,-5.4837199346900585,3.283848858091942,-137.52784084233727,-30.0,2.0999885079383356,[-30.0, 2.0999885079383356],0.027089934376081537,False,True,0.6597405067366169,80,59.14794013245511,76.554,in_progress,0.0
28,9.0,-5.566933937422258,3.220455596938172,-139.65003707620016,-30.0,2.8542941779547157,[-30.0, 2.8542941779547157],0.7385527167984032,False,True,0.8276763271073961,81,59.14794013245511,76.609,in_progress,0.0
28,10.0,-5.654011866201696,3.1650830133529992,-142.7013116548205,30.0,2.265928485282162,[30.0, 2.265928485282162],0.015272417248931377,False,True,0.9881183206758848,81,59.14794013245511,76.677,in_progress,0.0
28,11.0,-5.760107628500962,3.101944534410362,-145.60512718611295,0.9944250401813264,2.102524742511768,[0.9944250401813264, 2.102524742511768],0.7362440730039798,False,True,1.1621938992239622,81,59.14794013245511,76.759,in_progress,0.0
28,12.0,-5.873993362020344,3.036143367149264,-147.6999159648237,30.0,1.5219715131528804,[30.0, 1.5219715131528804],0.08332383775236947,False,True,1.3579444221398007,82,59.14794013245511,76.811,in_progress,0.0
28,13.0,-5.980967683230874,2.9688271355375013,-147.75430973878747,-18.152347217802287,2.336885306897425,[-18.152347217802287, 2.336885306897425],0.024410713427261047,False,True,1.5497424392047099,82,59.14794013245511,76.877,in_progress,0.0
28,14.0,-6.089820966565217,2.899462365105979,-147.69290077187873,-12.141243758710665,1.7173717662898407,[-12.141243758710665, 1.7173717662898407],0.09713686124259989,False,True,1.718158743148962,82,59.14794013245511,76.915,in_progress,0.0
28,15.0,-6.202947464349624,2.8288355203734055,-147.89390505625423,-6.601999721226946,2.074956622969254,[-6.601999721226946, 2.074956622969254],0.023891382545763576,False,True,1.9154548321058507,83,59.14794013245511,77.014,in_progress,0.0
28,16.0,-6.310747379289345,2.7547641913953314,-146.7448488471089,25.056396562751118,3.2117046940644376,[25.056396562751118, 3.2117046940644376],0.2745767235224334,False,False,2.08059911125868,83,59.14794013245511,77.082,in_progress,0.0
28,17.0,-6.423562808346944,2.671182063970927,-145.00618442724627,16.956031870549474,1.0,[16.956031870549474, 1.0],0.4300274073512494,False,False,2.290546599970228,83,59.14794013245511,77.14,in_progress,0.0
28,18.0,-6.527502469080798,2.5804615468163017,-141.68108291596576,10.012610458295747,2.690296213596174,[10.012610458295747, 2.690296213596174],0.0034974513914248773,False,False,2.506487082978709,84,59.14794013245511,77.212,in_progress,0.0
28,19.0,-6.629486780948168,2.4825162441347297,-138.91774802422944,-9.919681234544175,1.8601225906998398,[-9.919681234544175, 1.8601225906998398],0.4772363360817203,False,False,2.682001189794142,84,59.14794013245511,77.278,in_progress,0.0
28,20.0,-6.732356723251662,2.377039980424131,-136.4747041365364,-11.250783138583333,1.9106234258894066,[-11.250783138583333, 1.9106234258894066],0.04089267556503656,True,False,2.9157974302902456,85,59.14794013245511,77.346,off_track,0.0
29,1.0,-6.494606130267691,0.7804284805489945,-102.21957177012766,-30.0,1.0,[-30.0, 1.0],0.0,False,True,0.2368974685112546,89,59.14794013245511,77.484,prepare,0.0
29,2.0,-6.49410519052616,0.7807422223091086,-102.06722868940912,-8.361551054925158,1.0,[-8.361551054925158, 1.0],0.9161439084040419,False,True,0.2362481166099939,89,59.14794013245511,77.534,in_progress,0.0
29,3.0,-6.495743352997333,0.7760200649263768,-102.33151324102978,14.042208415151293,1.0,[14.042208415151293, 1.0],0.9497173152369732,False,True,0.24455252734582045,89,59.14794013245511,77.603,in_progress,0.0
29,4.0,-6.501627960114563,0.7487774638183076,-102.33742378480174,-26.204024794015837,1.0,[-26.204024794015837, 1.0],0.7529331328598893,False,True,0.29157380748622286,89,59.14794013245511,77.678,in_progress,0.0
29,5.0,-6.50847702267753,0.7181468214719602,-102.39787091134681,4.661669079429757,1.0,[4.661669079429757, 1.0],0.901996041283415,False,True,0.3445008188250165,89,59.14794013245511,77.742,in_progress,0.0
29,6.0,-6.5182443773146,0.6745997969225155,-102.49811357047601,7.864382114491356,3.3415005534598854,[7.864382114491356, 3.3415005534598854],0.8321422243484042,False,True,0.419753693277114,90,59.14794013245511,77.811,in_progress,0.0
29,7.0,-6.530321880977311,0.6230823046307246,-102.56694634525124,-30.0,1.320707904526354,[-30.0, 1.320707904526354],0.594932544833964,False,True,0.5089102414146229,90,59.14794013245511,77.883,in_progress,0.0
29,8.0,-6.548873572111075,0.5504718199438181,-103.1487234477823,-17.72083634223732,3.5,[-17.72083634223732, 3.5],0.08898951079836459,False,True,0.6349511473894176,90,59.14794013245511,77.947,in_progress,0.0
29,9.0,-6.5711538079594165,0.4821326674826427,-104.60089605321255,-4.816141165139204,1.7157433711179135,[-4.816141165139204, 1.7157433711179135],0.0370104171884621,False,True,0.7499434333877897,90,59.14794013245511,78.01,in_progress,0.0
29,10.0,-6.600775990892532,0.38769415009574026,-105.75259368891228,-16.25549164335381,1.6443981853947114,[-16.25549164335381, 1.6443981853947114],0.09073116501989487,False,True,0.91282989285833,91,59.14794013245511,78.073,in_progress,0.0
29,11.0,-6.634766575623172,0.2958715800157977,-107.45725704837696,30.0,3.5,[30.0, 3.5],0.7627853881036182,False,True,1.071842887573532,91,59.14794013245511,78.145,in_progress,0.0
29,12.0,-6.672233021930262,0.202815632216826,-109.19659894211541,-15.34502231605819,1.983536300309305,[-15.34502231605819, 1.983536300309305],0.3834459171453667,False,True,1.2255789529017846,91,59.14794013245511,78.213,in_progress,0.0
29,13.0,-6.7219441262514215,0.0870990962333652,-111.124615060786,-30.0,3.5,[-30.0, 3.5],0.01753656208242406,False,True,1.4240464011061549,92,59.14794013245511,78.28,in_progress,0.0
29,14.0,-6.779952599522292,-0.031399876893399875,-113.50104301489355,-20.922729524423747,3.5,[-20.922729524423747, 3.5],0.7728723837347665,False,True,1.6277073308270884,92,59.14794013245511,78.345,in_progress,0.0
29,15.0,-6.855985480962439,-0.15633029197258833,-117.79251460953793,-29.235680543944508,2.188062336026294,[-29.235680543944508, 2.188062336026294],0.06979302976652556,False,True,1.8390569349535646,92,59.14794013245511,78.407,in_progress,0.0
29,16.0,-6.943789490063518,-0.281796394415172,-121.81355755398488,-5.880849501694129,2.7704613442870927,[-5.880849501694129, 2.7704613442870927],0.0814740879046627,False,True,2.0550464846668337,93,59.14794013245511,78.477,in_progress,0.0
29,17.0,-7.040985178544583,-0.4008127590542262,-125.84517357626508,-30.0,1.801296675867475,[-30.0, 1.801296675867475],0.5371945544491827,False,True,2.2518761436395254,93,59.14794013245511,78.55,in_progress,0.0
29,18.0,-7.144108683799819,-0.5055891226027797,-130.73117857181668,30.0,2.7560353389169676,[30.0, 2.7560353389169676],0.13044096253424411,False,False,2.431736546762342,94,59.14794013245511,78.614,in_progress,0.0
29,19.0,-7.262713642703303,-0.6088482641607493,-135.2246395369503,21.407577181019228,1.0,[21.407577181019228, 1.0],0.00024299418836992714,False,False,2.6094433880343546,94,59.14794013245511,78.679,in_progress,0.0
29,20.0,-7.401859815637331,-0.7058634353570231,-141.86205404051614,5.19014933149878,1.0,[5.19014933149878, 1.0],0.0004592444206567459,True,False,2.7645367213307734,94,59.14794013245511,78.747,off_track,0.0
30,1.0,-6.556851909393956,-2.1735250632961387,-88.51576904451134,30.0,2.8921749699393957,[30.0, 2.8921749699393957],0.0,False,True,0.2367067464377537,99,59.14794013245511,78.881,prepare,0.0
30,2.0,-6.556692570307711,-2.1732871505243234,-88.48681756555952,26.823386915633066,2.369020281266673,[26.823386915633066, 2.369020281266673],0.41183616432651454,False,True,0.23631424205869944,99,59.14794013245511,78.939,in_progress,0.0
30,3.0,-6.558243542567935,-2.1832957513263604,-89.04274546872999,-30.0,1.0,[-30.0, 1.0],0.6213100769262966,False,True,0.2531327870604616,99,59.14794013245511,79.004,in_progress,0.0
30,4.0,-6.557016148762757,-2.2076325222498583,-88.89624464680901,12.484296202455567,3.5,[12.484296202455567, 3.5],0.7055274255635986,False,True,0.2943259202170756,99,59.14794013245511,79.076,in_progress,0.0
30,5.0,-6.555537646286612,-2.244679110715251,-88.5702448292521,-17.579536281174008,1.6994733350414157,[-17.579536281174008, 1.6994733350414157],0.5544560220992603,False,True,0.3570088669710647,99,59.14794013245511,79.147,in_progress,0.0
30,6.0,-6.55742975817075,-2.2998434706235886,-89.17779352185543,-30.0,1.739957275443932,[-30.0, 1.739957275443932],0.684085310000093,False,True,0.4501035872720549,99,59.14794013245511,79.216,in_progress,0.0
30,7.0,-6.565125898381974,-2.364322598006758,-91.1598711021123,30.0,1.3782297804169974,[30.0, 1.3782297804169974],0.17135597321431162,False,True,0.5585914958246119,100,59.14794013245511,79.281,in_progress,0.0
30,8.0,-6.580939486042099,-2.4480593292538493,-94.25631671609563,16.687812396642705,1.526023476293618,[16.687812396642705, 1.526023476293618],0.7729807104608417,False,True,0.6991346583357538,100,59.14794013245511,79.347,in_progress,0.0
30,9.0,-6.594640365856696,-2.5340367679314144,-95.85378317910072,30.0,1.0,[30.0, 1.0],0.5513667961862748,False,True,0.8139571940659174,100,59.14794013245511,79.409,in_progress,0.0
30,10.0,-6.60108354427519,-2.6203337693149242,-95.33784055218254,30.0,1.0,[30.0, 1.0],0.6432764727387114,False,True,0.9485214970814893,100,59.14794013245511,79.474,in_progress,0.0
30,11.0,-6.599792007942914,-2.6992894321650387,-93.42209117509,-12.209485862157369,1.0,[-12.209485862157369, 1.0],0.4185609710719555,False,True,1.0755622472933601,101,59.14794013245511,79.548,in_progress,0.0
30,12.0,-6.59255413296344,-2.7701387501720753,-90.8545178536106,-0.5202067838980966,2.632447761999914,[-0.5202067838980966, 2.632447761999914],0.0007710246490178818,False,True,1.192878909132089,101,59.14794013245511,79.611,in_progress,0.0
30,13.0,-6.583210529954925,-2.8500191820276273,-88.47863082208369,-1.7156759314114183,1.0,[-1.7156759314114183, 1.0],0.8673509442547446,False,True,1.249071670806201,101,59.14794013245511,79.68,in_progress,0.0
30,14.0,-6.571601857893488,-2.9401638158319194,-86.46094151394108,-30.0,3.5,[-30.0, 3.5],0.1828508063430245,False,True,1.385630661652204,101,59.14794013245511,79.753,in_progress,0.0
30,15.0,-6.563259069073227,-3.022967790495015,-85.78638558967218,-30.0,3.5,[-30.0, 3.5],0.10008460064546854,False,True,1.508839883910451,102,59.14794013245511,79.779,in_progress,0.0
30,16.0,-6.561299428679621,-3.12537969213787,-86.99710070353922,-30.0,1.0,[-30.0, 1.0],0.47259448380096764,False,True,1.6531942926267806,102,59.14794013245511,79.881,in_progress,0.0
30,17.0,-6.571834829857659,-3.228983638170737,-90.45529006722829,-22.990998815084225,1.7196788112344015,[-22.990998815084225, 1.7196788112344015],0.04085424936071078,False,True,1.7401700223743988,102,59.14794013245511,79.946,in_progress,0.0
30,18.0,-6.588410498020188,-3.3226572141216555,-93.9408404310287,-10.29367474147967,2.7822073775920515,[-10.29367474147967, 2.7822073775920515],0.7544864099509292,False,True,1.8337177856600828,102,59.14794013245511,80.011,in_progress,0.0
30,19.0,-6.616746992611344,-3.438271505201368,-98.31213172979838,-0.42752453956381586,2.001498292222233,[-0.42752453956381586, 2.001498292222233],0.1028907181109241,False,False,1.9532225196924213,102,59.14794013245511,80.076,in_progress,0.0
30,20.0,-6.654287656484012,-3.5575002275256447,-102.92583802648399,-9.949763933040522,2.745985033596435,[-9.949763933040522, 2.745985033596435],0.002913594738744363,False,False,2.067460938163501,103,59.14794013245511,80.148,in_progress,0.0
30,21.0,-6.705247034985734,-3.686545088648089,-107.22175877829224,-26.061380666595774,1.066725191189432,[-26.061380666595774, 1.066725191189432],0.19962874780478465,True,False,2.179927305431273,103,59.14794013245511,80.213,off_track,0.0
31,1.0,-4.852406224725583,-4.48840735294378,-46.9511488679239,19.156525146753673,1.0,[19.156525146753673, 1.0],0.0,False,True,0.236677562911225,109,59.14794013245511,80.348,prepare,0.0
31,2.0,-4.852367982082018,-4.488385436086438,-46.94080031329338,-30.0,3.240243858206456,[-30.0, 3.240243858206456],0.09838721088759153,False,True,0.23669463329828444,109,59.14794013245511,80.415,in_progress,0.0
31,3.0,-4.848514276804239,-4.492215793364829,-46.86479179419053,-11.927621094838088,1.0,[-11.927621094838088, 1.0],0.14342696770198815,False,True,0.2458746262395617,109,59.14794013245511,80.475,in_progress,0.0
31,4.0,-4.839377219940431,-4.5061014364871275,-47.55671928157964,23.805365604700725,2.648651875736142,[23.805365604700725, 2.648651875736142],0.006765930469736392,False,True,0.2735744672076379,109,59.14794013245511,80.547,in_progress,0.0
31,5.0,-4.82408965515071,-4.530330875328087,-48.79268028223777,-10.731281995421952,1.7586967418615822,[-10.731281995421952, 1.7586967418615822],0.0905204209005489,False,True,0.321401595649895,109,59.14794013245511,80.602,in_progress,0.0
31,6.0,-4.802411695577051,-4.565592629562795,-50.419105360783306,15.0645729603348,1.0,[15.0645729603348, 1.0],0.6933783471044223,False,True,0.3902328707380165,109,59.14794013245511,80.68,in_progress,0.0
31,7.0,-4.7690319122550875,-4.618659999380462,-52.23249581958754,30.0,2.600287478313887,[30.0, 2.600287478313887],0.3265330287814139,False,True,0.4946751752352152,109,59.14794013245511,80.744,in_progress,0.0
31,8.0,-4.730499615855407,-4.672151313299063,-52.767087176319635,-26.138186477703883,1.0,[-26.138186477703883, 1.0],0.14253692271556906,False,True,0.6054772331984037,110,59.14794013245511,80.812,in_progress,0.0
31,9.0,-4.686840896896884,-4.7277692583266555,-52.46769534617843,9.154507840146131,1.0,[9.154507840146131, 1.0],0.15779635242202072,False,True,0.7247494175920521,110,59.14794013245511,80.884,in_progress,0.0
31,10.0,-4.637784459372797,-4.789853582467679,-52.25948211619632,7.381474657511426,1.2280256754208563,[7.381474657511426, 1.2280256754208563],0.3984844746315458,False,True,0.85965034572838,110,59.14794013245511,80.942,in_progress,0.0
31,11.0,-4.600261417092285,-4.842851255630107,-52.9351379404951,-3.174576578008672,2.4292664973665,[-3.174576578008672, 2.4292664973665],0.14727619141189874,False,True,0.968918106916139,110,59.14794013245511,81.017,in_progress,0.0
31,12.0,-4.554140660954599,-4.907685043941118,-53.398163910266526,10.587720228993561,2.0504255472237025,[10.587720228993561, 2.0504255472237025],0.02561786086736928,False,True,1.1028296536757076,111,59.14794013245511,81.07,in_progress,0.0
31,13.0,-4.497785593803611,-4.984820397786381,-53.52543326671708,26.73538873220774,3.5,[26.73538873220774, 3.5],0.01256065124336816,False,True,1.2637906051377046,111,59.14794013245511,81.148,in_progress,0.0
31,14.0,-4.425613908180817,-5.074587796630217,-52.45620208662316,30.0,1.0,[30.0, 1.0],0.22296031522452422,False,True,1.4605553097077006,111,59.14794013245511,81.213,in_progress,0.0
31,15.0,-4.344086668450271,-5.150295479333549,-48.47745455737898,15.870798236521892,1.0,[15.870798236521892, 1.0],0.10652855213241363,False,True,1.6471178863202596,112,59.14794013245511,81.272,in_progress,0.0
31,16.0,-4.2712140671191445,-5.207724313897148,-44.958413457927776,0.8682088615269308,2.9393951288167584,[0.8682088615269308, 2.9393951288167584],0.43219467888659147,False,True,1.8005694650137238,112,59.14794013245511,81.347,in_progress,0.0
31,17.0,-4.190196915093414,-5.261329926459685,-40.58133712989585,30.0,1.7503534023580722,[30.0, 1.7503534023580722],0.12651828361406806,False,True,1.9580203120052375,112,59.14794013245511,81.405,in_progress,0.0
31,18.0,-4.094463418627443,-5.315473358172548,-36.00229919171758,30.0,2.7925188653491184,[30.0, 2.7925188653491184],0.006299639600815876,False,True,2.130541542632991,113,59.14794013245511,81.465,in_progress,0.0
31,19.0,-3.9871732978107786,-5.361713472860394,-30.50567512193963,-6.058712106077909,1.0,[-6.058712106077909, 1.0],0.00011847018893218486,False,True,2.304811181470312,113,59.14794013245511,81.543,in_progress,0.0
31,20.0,-3.8576448617241175,-5.396886936938679,-22.83630722984923,-8.645649364868884,1.0,[-8.645649364868884, 1.0],0.06213576770562856,False,True,2.4828370087318863,113,59.14794013245511,81.608,in_progress,0.0
31,21.0,-3.7653932533715326,-5.417592108462662,-18.466594494757764,15.538904432328934,3.5,[15.538904432328934, 3.5],0.07464158304314784,False,True,2.6057431981819534,114,59.14794013245511,81.671,in_progress,0.0
31,22.0,-3.650722969740963,-5.442310499038913,-15.749855061860794,17.233400384323176,1.4760820872541727,[17.233400384323176, 1.4760820872541727],0.46398599158015297,False,True,2.757153463068307,114,59.14794013245511,81.742,in_progress,0.0
31,23.0,-3.5400140562852633,-5.449533486257301,-11.046204087375411,30.0,1.2041333385483062,[30.0, 1.2041333385483062],0.005042205051827794,False,True,2.8674402250179365,114,59.14794013245511,81.818,in_progress,0.0
31,24.0,-3.4368759477847055,-5.445052658266867,-5.771155600260727,28.54931639379641,3.018798761195023,[28.54931639379641, 3.018798761195023],0.026094956566590145,False,True,2.9648985482731094,114,59.14794013245511,81.876,in_progress,0.0
31,25.0,-3.328374084955763,-5.428166534742188,0.14679406455069127,30.0,3.5,[30.0, 3.5],0.030944325433068666,False,False,3.050867760777498,114,59.14794013245511,81.95,in_progress,0.0
31,26.0,-3.214464804679903,-5.395315014468828,7.255230045151944,21.735831162564253,1.8406938109131856,[21.735831162564253, 1.8406938109131856],0.0011722578652104687,False,False,3.1205490276705605,115,59.14794013245511,82.014,in_progress,0.0
31,27.0,-3.0883643396882627,-5.342693784658332,15.18359828062548,9.322601040845356,1.0,[9.322601040845356, 1.0],0.03991962685221188,True,False,3.1755785675023795,115,59.14794013245511,82.073,off_track,0.0
32,1.0,-2.7570938408239822,-6.335700580282572,9.715227492811465,30.0,2.475127846263032,[30.0, 2.475127846263032],0.0,False,True,0.2366723885071087,119,59.14794013245511,82.207,prepare,0.0
32,2.0,-2.7570544321324095,-6.335853353033013,9.680817987144184,-30.0,3.5,[-30.0, 3.5],0.0007581359133713051,False,True,0.23669463329828444,119,59.14794013245511,82.28,in_progress,0.0
32,3.0,-2.753454199842007,-6.333694724066883,9.95252063679166,-30.0,2.455396789103438,[-30.0, 2.455396789103438],0.014214818252833529,False,True,0.24330848665465865,119,59.14794013245511,82.347,in_progress,0.0
32,4.0,-2.739778560503646,-6.330214066962067,10.147188466585545,30.0,3.097705191241775,[30.0, 3.097705191241775],0.03492049370308781,False,True,0.26708987425397845,119,59.14794013245511,82.426,in_progress,0.0
32,5.0,-2.7067895949969993,-6.32035368829546,11.123859764824767,-18.62489731902118,2.625099316270065,[-18.62489731902118, 2.625099316270065],0.35360200818750576,False,True,0.3248726334427632,119,59.14794013245511,82.488,in_progress,0.0
32,6.0,-2.659122768000216,-6.307002425986044,12.034615488477751,29.969802784993902,1.4291187763592508,[29.969802784993902, 1.4291187763592508],0.46460676013700564,False,True,0.4114992883516133,119,59.14794013245511,82.552,in_progress,0.0
32,7.0,-2.6048178644633797,-6.288984491668828,13.459753431138887,30.0,1.504584829765553,[30.0, 1.504584829765553],0.5802274681453122,False,True,0.5081419534859299,119,59.14794013245511,82.61,in_progress,0.0
32,8.0,-2.534434374553482,-6.258483712442645,16.496434993390977,20.54341694725612,3.5,[20.54341694725612, 3.5],0.02972572110360794,False,True,0.637698179322832,120,59.14794013245511,82.673,in_progress,0.0
32,9.0,-2.4588803536106947,-6.219328170785838,20.158893155571203,3.1714435555200566,1.0,[3.1714435555200566, 1.0],0.4195999890258598,False,True,0.7806300170299707,120,59.14794013245511,82.754,in_progress,0.0
32,10.0,-2.379565302232646,-6.170943562102748,24.606687784767114,30.0,1.4524064026584564,[30.0, 1.4524064026584564],0.4804941991526862,False,True,0.938567063270912,120,59.14794013245511,82.81,in_progress,0.0
32,11.0,-2.3125032129300687,-6.125053740514741,27.661876012326708,-1.5973630286280631,1.3787454587970274,[-1.5973630286280631, 1.3787454587970274],0.07592676388526542,False,True,1.0737877280541652,120,59.14794013245511,82.879,in_progress,0.0
32,12.0,-2.2398335483908167,-6.066496236412825,31.5233832016267,30.0,1.0,[30.0, 1.0],0.6772495142990215,False,True,1.2264354173147196,121,59.14794013245511,82.948,in_progress,0.0
32,13.0,-2.177627415460765,-6.0042261818008305,36.2257692629006,-4.6347445198308215,2.554695024591619,[-4.6347445198308215, 2.554695024591619],0.7510270795903883,False,True,1.3655205082034882,121,59.14794013245511,82.991,in_progress,0.0
32,14.0,-2.1209412095127336,-5.938763546963659,40.48461182744493,-15.352668790841712,2.570352706965699,[-15.352668790841712, 2.570352706965699],0.0029628768291985685,False,True,1.4746664776287943,121,59.14794013245511,83.082,in_progress,0.0
32,15.0,-2.0426621765161226,-5.849149196240453,44.056802381349144,-30.0,1.7615406299299292,[-30.0, 1.7615406299299292],0.47892915118853663,False,True,1.648422735289501,121,59.14794013245511,83.143,in_progress,0.0
32,16.0,-1.9693250393218462,-5.771486800863771,45.07358579906001,30.0,3.5,[30.0, 3.5],0.09290066338221754,False,True,1.8078152090706068,122,59.14794013245511,83.185,in_progress,0.0
32,17.0,-1.880973573312666,-5.681286484088517,45.388560814257296,30.0,2.972198130489939,[30.0, 2.972198130489939],0.09888819542897141,False,True,1.9645075476855012,122,59.14794013245511,83.278,in_progress,0.0
32,18.0,-1.795632107502202,-5.578093235802452,47.83308846252626,-4.717010052248678,1.0,[-4.717010052248678, 1.0],0.2537487480980814,False,True,2.14900252642789,122,59.14794013245511,83.345,in_progress,0.0
32,19.0,-1.7100169820713524,-5.457938447671745,51.516568056673485,-18.341127235979172,3.5,[-18.341127235979172, 3.5],0.04447931959952474,False,True,2.3413604106348074,123,59.14794013245511,83.407,in_progress,0.0
32,20.0,-1.6392446466801809,-5.34855848695143,54.10063348057512,27.170265674440813,1.1100949847204522,[27.170265674440813, 1.1100949847204522],0.12199629441781248,False,False,2.4607443182122934,123,59.14794013245511,83.479,in_progress,0.0
32,21.0,-1.5675607848456452,-5.236685103665285,55.825346443109545,-12.63238684043218,1.979341217905767,[-12.63238684043218, 1.979341217905767],0.4082143133878205,False,False,2.619715834055425,123,59.14794013245511,83.544,in_progress,0.0
32,22.0,-1.4940875312301978,-5.120833042676426,56.592312687283744,30.0,1.3216766900549617,[30.0, 1.3216766900549617],0.15946924803740403,True,False,2.7830861034330745,124,59.14794013245511,83.607,off_track,0.0
33,1.0,0.10901873632663288,-5.7074042696936464,-0.030878041078857683,-30.0,3.5,[-30.0, 3.5],0.0,False,True,0.23669443918356015,129,59.14794013245511,83.749,prepare,0.0
33,2.0,0.10901884766695341,-5.707410682313025,-0.031044528488297984,17.62241523441375,3.4099864115134966,[17.62241523441375, 3.4099864115134966],0.9847492416207055,False,True,0.23669463329827334,129,59.14794013245511,83.809,in_progress,0.0
33,3.0,0.11657558336913366,-5.703914027087891,0.6310240591179517,30.0,3.2101721845716114,[30.0, 3.2101721845716114],0.5412310968007914,False,True,0.24946741961352492,129,59.14794013245511,83.879,in_progress,0.0
33,4.0,0.13901987672063956,-5.699172252486557,1.7415431389745282,16.685765048290918,1.5908425990185595,[16.685765048290918, 1.5908425990185595],0.21060414113323223,False,True,0.2874090973366661,129,59.14794013245511,83.94,in_progress,0.0
33,5.0,0.17492131012088544,-5.690042337653408,3.5963877454215307,30.0,1.0,[30.0, 1.0],0.04822465744866378,False,True,0.34809841499569005,129,59.14794013245511,84.012,in_progress,0.0
33,6.0,0.2212120932822954,-5.672777633524886,6.923023252508202,15.790332318598963,2.0148140258063933,[15.790332318598963, 2.0148140258063933],0.28078385294367436,False,True,0.4263453019401231,129,59.14794013245511,84.046,in_progress,0.0
33,7.0,0.28389942159278314,-5.644289825986472,11.639446531508995,17.2629480353729,3.3190791257506533,[17.2629480353729, 3.3190791257506533],0.6548125795751649,False,True,0.533768129962775,129,59.14794013245511,84.109,in_progress,0.0
33,8.0,0.3468749987894564,-5.609594771293052,16.49024053048377,7.834593893012702,3.127548398507533,[7.834593893012702, 3.127548398507533],0.18110090120268774,False,True,0.6410057679183345,129,59.14794013245511,84.215,in_progress,0.0
33,9.0,0.41893283022367417,-5.5609843026025425,22.44816093274914,-30.0,2.2311986879938677,[-30.0, 2.2311986879938677],0.14659568114524466,False,True,0.7639083093155086,130,59.14794013245511,84.277,in_progress,0.0
33,10.0,0.5056471973768694,-5.498357086107351,27.820018110655184,26.347392321047508,2.6433771446608514,[26.347392321047508, 2.6433771446608514],0.07506945601754776,False,True,0.9119014992729491,130,59.14794013245511,84.351,in_progress,0.0
33,11.0,0.6010057637287788,-5.429336760356427,31.29598438294813,-3.048931238003181,2.5216289439803914,[-3.048931238003181, 2.5216289439803914],0.5240200691681042,False,True,1.0810704241048574,130,59.14794013245511,84.413,in_progress,0.0
33,12.0,0.7064172666777502,-5.34056700304958,35.51478067400854,30.0,1.9552734913348204,[30.0, 1.9552734913348204],0.33571955436666034,False,True,1.2632930236104678,131,59.14794013245511,84.469,in_progress,0.0
33,13.0,0.8096977169133945,-5.240392761820923,39.821693567956096,19.40743304077384,1.34105490303681,[19.40743304077384, 1.34105490303681],0.021977112206388053,False,True,1.4424371057963348,131,59.14794013245511,84.545,in_progress,0.0
33,14.0,0.892633660095641,-5.1421467320191745,44.58808014804639,-30.0,2.3939666135998605,[-30.0, 2.3939666135998605],0.09484886871175605,False,False,1.6014706952108826,131,59.14794013245511,84.616,in_progress,0.0
33,15.0,0.9780584572845721,-5.032725161130805,48.068440767862185,-0.9693525617997594,2.8022697550919626,[-0.9693525617997594, 2.8022697550919626],0.28665061661271607,False,False,1.753633230914442,132,59.14794013245511,84.665,in_progress,0.0
33,16.0,1.0548092506026672,-4.928990743964371,50.59131206310084,25.66857828932403,2.128804408477997,[25.66857828932403, 2.128804408477997],0.08993949663395986,True,False,1.8907351910049663,132,59.14794013245511,84.745,off_track,0.0
34,1.0,3.053556183022374,-5.470089548955167,7.577618760595285,-1.1745523674418479,1.3625630743437251,[-1.1745523674418479, 1.3625630743437251],0.0,False,True,0.23705959085446038,138,59.14794013245511,84.869,prepare,0.0
34,2.0,3.053362365508095,-5.4702713250253465,7.5407973037436955,-17.247452944852483,3.5,[-17.247452944852483, 3.5],0.4658089989619978,False,True,0.23669458934051368,138,59.14794013245511,84.945,in_progress,0.0
34,3.0,3.061095734225157,-5.468979836415921,7.4881321258008455,30.0,1.9333423479693073,[30.0, 1.9333423479693073],0.390060430426205,False,True,0.24994237180310241,138,59.14794013245511,85.014,in_progress,0.0
34,4.0,3.0797456114867,-5.464137563273645,7.858902006405794,21.382033599099273,2.8718645342354514,[21.382033599099273, 2.8718645342354514],0.3322709016603096,False,True,0.2822722283782553,138,59.14794013245511,85.076,in_progress,0.0
34,5.0,3.1166978025478107,-5.455046108824301,8.71348774967683,-6.313310729848098,1.0,[-6.313310729848098, 1.0],0.07571834262069621,False,True,0.34621844009408154,139,59.14794013245511,85.142,in_progress,0.0
34,6.0,3.1627517268234615,-5.4446850045420065,9.357591409366846,30.0,2.9432353295155984,[30.0, 2.9432353295155984],0.0001596518327390939,False,True,0.4257012730751075,139,59.14794013245511,85.212,in_progress,0.0
34,7.0,3.2229966547011455,-5.4291715923412145,10.656293113338759,-30.0,1.0,[-30.0, 1.0],0.45734163799591665,False,True,0.5301084110081455,139,59.14794013245511,85.276,in_progress,0.0
34,8.0,3.2868420680583452,-5.408548393244235,12.512570399834928,10.31190547980836,3.5,[10.31190547980836, 3.5],0.6103988507620319,False,True,0.6541504795074871,139,59.14794013245511,85.349,in_progress,0.0
34,9.0,3.3616959019790564,-5.384444992578414,14.197055239658322,-6.94920572285114,1.0,[-6.94920572285114, 1.0],0.6655575936165219,False,True,0.7762166007142413,139,59.14794013245511,85.417,in_progress,0.0
34,10.0,3.4340813228671485,-5.358614522681351,15.89528485993996,9.702087934121792,3.5,[9.702087934121792, 3.5],0.16539426474044738,False,True,0.8970657101639912,140,59.14794013245511,85.478,in_progress,0.0
34,11.0,3.508746732538805,-5.331707893184392,17.21191785738759,30.0,3.5,[30.0, 3.5],0.038672475534482234,False,True,1.022013681707612,140,59.14794013245511,85.542,in_progress,0.0
34,12.0,3.5968112991735173,-5.292326796187876,19.805153244863916,1.1486607960932318,1.0673510129494153,[1.1486607960932318, 1.0673510129494153],0.5640468799974344,False,True,1.0497610274534996,140,59.14794013245511,85.618,in_progress,0.0
34,13.0,3.6864968762460655,-5.243793199352143,23.643627529765013,6.943238043042463,2.2900341171326533,[6.943238043042463, 2.2900341171326533],0.016135097110141917,False,True,1.1730855216012248,140,59.14794013245511,85.684,in_progress,0.0
34,14.0,3.774914852585991,-5.189050625697086,26.746565650643625,30.0,2.1988035268477555,[30.0, 2.1988035268477555],0.40662822003305144,False,True,1.3057998486859512,141,59.14794013245511,85.743,in_progress,0.0
34,15.0,3.8575153858399185,-5.124378498603129,31.096115261385087,3.3917670314392083,1.116027259454237,[3.3917670314392083, 1.116027259454237],0.002537744479356441,False,True,1.4516305499794435,141,59.14794013245511,85.813,in_progress,0.0
34,16.0,3.9412804414544738,-5.041090384939451,36.99182634288281,-25.525131893595457,1.716254401044885,[-25.525131893595457, 1.716254401044885],0.0007674756738191492,False,True,1.5564185028795974,141,59.14794013245511,85.878,in_progress,0.0
34,17.0,4.0169169412521,-4.9617456540205644,40.736942960191016,-6.951877992135024,1.10724801752729,[-6.951877992135024, 1.10724801752729],0.6046936510329113,False,True,1.6424186862621037,141,59.14794013245511,85.949,in_progress,0.0
34,18.0,4.086086760226119,-4.885335453398729,43.46227419376329,-25.037509886777237,2.336443488942158,[-25.037509886777237, 2.336443488942158],0.0009414842901927047,False,False,1.7832098280257336,141,59.14794013245511,86.018,in_progress,0.0
34,19.0,4.159410345370526,-4.804765289865269,45.0940276707706,-30.0,2.0666563119149295,[-30.0, 2.0666563119149295],0.08767925437454537,False,False,1.931735130625889,142,59.14794013245511,86.077,in_progress,0.0
34,20.0,4.247212778633637,-4.726052107073883,43.5678979054973,22.667029549445708,1.2296949274519928,[22.667029549445708, 1.2296949274519928],0.0005040157782240651,False,False,2.065050352976161,142,59.14794013245511,86.137,in_progress,0.0
34,21.0,4.340845799857561,-4.653505746371879,41.025957980868114,3.1726064528412223,1.0,[3.1726064528412223, 1.0],0.36325904981065293,True,False,2.12873392963725,142,59.14794013245511,86.214,off_track,0.0
35,1.0,3.3335691668130396,-2.835471847272124,116.75241639254406,-29.409170307241062,2.7024934463065122,[-29.409170307241062, 2.7024934463065122],0.0,False,True,0.2331984970749712,148,59.14794013245511,86.349,prepare,0.0
35,2.0,3.33354167962448,-2.835677860332072,116.80625456532547,29.006685465112064,1.0,[29.006685465112064, 1.0],0.3015547056789911,False,True,0.23296635572845892,148,59.14794013245511,86.409,in_progress,0.0
35,3.0,3.331295482681935,-2.8305108640247405,116.7082331346754,-23.75108586979271,3.5,[-23.75108586979271, 3.5],0.4197942185625775,False,True,0.24204815330998164,148,59.14794013245511,86.476,in_progress,0.0
35,4.0,3.320816906357787,-2.8095341580435127,116.71950321794745,-30.0,1.9604709961721647,[-30.0, 1.9604709961721647],0.3446454651845401,False,True,0.2804275496594566,148,59.14794013245511,86.55,in_progress,0.0
35,5.0,3.30785825748871,-2.7746735764897563,115.79866618856954,-30.0,3.365652476736893,[-30.0, 3.365652476736893],0.724342575896341,False,True,0.33926221020870173,148,59.14794013245511,86.616,in_progress,0.0
35,6.0,3.294958818853225,-2.724445955172421,113.34523722682773,-19.625452036602887,2.9943440864738857,[-19.625452036602887, 2.9943440864738857],0.04964918552453246,False,True,0.4176236927677879,149,59.14794013245511,86.676,in_progress,0.0
35,7.0,3.2800863385830326,-2.658029621907207,110.49161953183436,30.0,2.442040407624466,[30.0, 2.442040407624466],0.6412253837659683,False,True,0.5188160736375846,149,59.14794013245511,86.746,in_progress,0.0
35,8.0,3.2668476219802787,-2.5836544829159265,107.44512819916554,15.84171833868416,1.8911307818065362,[15.84171833868416, 1.8911307818065362],0.07651609389313774,False,True,0.6229865606459772,149,59.14794013245511,86.812,in_progress,0.0
35,9.0,3.2509471800930427,-2.4974036282757446,105.0493584693813,-30.0,2.6632900226150187,[-30.0, 2.6632900226150187],0.27532714120788804,False,True,0.6651817963501561,149,59.14794013245511,86.888,in_progress,0.0
35,10.0,3.238045551868436,-2.3822210250978566,101.36723276769557,-3.2986686299683328,1.0,[-3.2986686299683328, 1.0],0.020307040387255084,False,True,0.7880423245852919,149,59.14794013245511,86.947,in_progress,0.0
35,11.0,3.2361060549204157,-2.2712088510233923,96.27856415573154,30.0,2.6248638895972705,[30.0, 2.6248638895972705],0.14736602624745426,False,True,0.8914791178985859,150,59.14794013245511,87.017,in_progress,0.0
35,12.0,3.2345845391115473,-2.182744153794085,94.47092749216402,24.117540946902245,2.9027768986761444,[24.117540946902245, 2.9027768986761444],0.033353792701194256,False,True,0.9738727339675846,150,59.14794013245511,87.085,in_progress,0.0
35,13.0,3.2321938969489987,-2.0649725329754047,92.95087821391198,-25.456231587850738,1.264781877446377,[-25.456231587850738, 1.264781877446377],0.22800201857199243,False,False,1.0840829447434697,150,59.14794013245511,87.141,in_progress,0.0
35,14.0,3.2315458915366775,-1.9402754820386703,91.67740611959736,10.691845437462412,1.4556613818039579,[10.691845437462412, 1.4556613818039579],0.4647845275253639,False,False,1.1294229632548003,150,59.14794013245511,87.212,in_progress,0.0
35,15.0,3.230483421254036,-1.841184631479385,91.24869109712566,30.0,1.997797007911045,[30.0, 1.997797007911045],0.2710596917161668,False,False,1.1294229632548003,150,59.14794013245511,87.28,in_progress,0.0
35,16.0,3.224697182201796,-1.7240756638517452,91.93129143756838,25.902657070441755,2.0740804935779074,[25.902657070441755, 2.0740804935779074],0.07745776537103335,True,False,1.1294229632548003,150,59.14794013245511,87.341,off_track,0.0
36,1.0,0.5942575222308134,-2.0864504171443516,171.04265880682144,20.816823796863815,2.5919098587883713,[20.816823796863815, 2.5919098587883713],0.0,False,True,0.2367574459295363,158,59.14794013245511,87.479,prepare,0.0
36,2.0,0.5944127561928118,-2.0863600911102536,171.02100629042204,-2.19297788865056,3.267027230515722,[-2.19297788865056, 3.267027230515722],0.24679162378957653,False,True,0.23650635786239826,158,59.14794013245511,87.548,in_progress,0.0
36,3.0,0.5828652857317067,-2.086234704065404,171.4511955538146,30.0,1.0,[30.0, 1.0],0.32434893659821873,False,True,0.2559961436043645,158,59.14794013245511,87.613,in_progress,0.0
36,4.0,0.5608892609021059,-2.08673594747576,172.64113921411504,1.5707420255774949,2.338276214277764,[1.5707420255774949, 2.338276214277764],0.9622160315214635,False,True,0.29299944132046285,158,59.14794013245511,87.681,in_progress,0.0
36,5.0,0.5179137319480915,-2.087645711800061,174.14306741137477,30.0,2.8278062029637887,[30.0, 2.8278062029637887],0.2705116283789347,False,True,0.36537012562140037,158,59.14794013245511,87.752,in_progress,0.0
36,6.0,0.4645332467984089,-2.0897947780761195,175.87040309710258,-25.980321739107268,1.1232893807003557,[-25.980321739107268, 1.1232893807003557],0.0006647961009243809,False,True,0.455141842113127,159,59.14794013245511,87.814,in_progress,0.0
36,7.0,0.4026992638797604,-2.097069209398573,178.7148138284109,-30.0,3.5,[-30.0, 3.5],0.7900595497834367,False,True,0.5585624350018303,159,59.14794013245511,87.878,in_progress,0.0
36,8.0,0.3234558055900314,-2.10233191052015,-179.71981328465947,-30.0,2.3527367444313234,[-30.0, 2.3527367444313234],0.44206161928137117,False,True,0.6915829137633334,159,59.14794013245511,87.947,in_progress,0.0
36,9.0,0.23182430538777152,-2.095647469887805,178.64655439607938,-30.0,3.076421119080723,[-30.0, 3.076421119080723],0.6911293277248675,False,True,0.8494360616475904,159,59.14794013245511,88.015,in_progress,0.0
36,10.0,0.1275081650660399,-2.078466718844596,175.4123882044463,-24.529974289081824,2.580468128840103,[-24.529974289081824, 2.580468128840103],0.01777177469968716,False,True,1.026353642205835,160,59.14794013245511,88.038,in_progress,0.0
36,11.0,0.005995279488711841,-2.047891565437215,170.98973394322698,-11.032348671872526,3.3019778919746186,[-11.032348671872526, 3.3019778919746186],0.19821060371906518,False,True,1.2320849041442261,160,59.14794013245511,88.103,in_progress,0.0
36,12.0,-0.12325009718633541,-2.0056179377691765,166.3748617745559,-6.168286829634681,2.2092450816266487,[-6.168286829634681, 2.2092450816266487],0.7527884858873836,False,True,1.4501302625619328,160,59.14794013245511,88.207,in_progress,0.0
36,13.0,-0.25102652747801213,-1.954332346847307,161.5885732563423,-11.358228817219466,2.0078181216736244,[-11.358228817219466, 2.0078181216736244],0.883792509312524,False,True,1.6655936441857255,161,59.14794013245511,88.28,in_progress,0.0
36,14.0,-0.40942754987396357,-1.8779256941788312,157.01244988887905,-30.0,2.215089207180284,[-30.0, 2.215089207180284],0.0742825490841914,False,True,1.9291672927924108,161,59.14794013245511,88.349,in_progress,0.0
36,15.0,-0.5000834490115097,-1.8260719403614631,154.35544599913564,30.0,1.0,[30.0, 1.0],0.42610414228156973,False,True,2.080919479995458,162,59.14794013245511,88.413,in_progress,0.0
36,16.0,-0.6154063297747581,-1.747327837896387,150.11535495208824,30.0,1.8830564792102777,[30.0, 1.8830564792102777],0.18844365014106917,False,True,2.272074483220865,162,59.14794013245511,88.479,in_progress,0.0
36,17.0,-0.71372469082592,-1.678868196299269,147.9402206925526,12.344036957666027,1.0,[12.344036957666027, 1.0],0.4558175847487956,False,True,2.4359713056838372,162,59.14794013245511,88.552,in_progress,0.0
36,18.0,-0.8204758297093272,-1.6046229584312033,146.72335939815318,-28.76890266341055,3.5,[-28.76890266341055, 3.5],0.04623375313565434,False,True,2.613928468172544,163,59.14794013245511,88.607,in_progress,0.0
36,19.0,-0.9121548487045607,-1.5461270603811186,147.07042157235665,-7.384380559579959,2.7007961740187536,[-7.384380559579959, 2.7007961740187536],0.20126017348904357,False,False,2.7648467628682893,163,59.14794013245511,88.681,in_progress,0.0
36,20.0,-1.0153169410051288,-1.4676598611383052,144.96048981762377,-30.0,1.2508163085902992,[-30.0, 1.2508163085902992],0.0364783938523789,False,False,2.9362785640287603,163,59.14794013245511,88.736,in_progress,0.0
36,21.0,-1.1109322871504999,-1.3815981756150146,141.75814323670892,-30.0,1.4973955737629057,[-30.0, 1.4973955737629057],0.1935153144447861,False,False,3.0946699362034757,164,59.14794013245511,88.811,in_progress,0.0
36,22.0,-1.1959251724372562,-1.296410419289109,138.7983432479286,-30.0,1.6738442571757925,[-30.0, 1.6738442571757925],0.05104918154609073,True,False,3.2351393109247617,164,59.14794013245511,88.868,off_track,0.0
37,1.0,-2.3617446951871868,-2.1249552857918137,-177.49407934513252,-21.981078395510984,3.5,[-21.981078395510984, 3.5],0.0,False,True,0.236917099088918,168,59.14794013245511,89.014,prepare,0.0
37,2.0,-2.3615662249151623,-2.1249972189126547,-177.52729018847316,30.0,2.487263508511774,[30.0, 2.487263508511774],0.25486665278920145,False,True,0.2366187893851457,168,59.14794013245511,89.079,in_progress,0.0
37,3.0,-2.3697055482986906,-2.123445615901491,-177.91145968555765,7.956746535102631,2.0239785706457827,[7.956746535102631, 2.0239785706457827],0.5273651087658278,False,True,0.2502504572274189,168,59.14794013245511,89.144,in_progress,0.0
37,4.0,-2.396430900037704,-2.119883636677635,-178.99025306514298,-22.22077082276096,2.2811876827669146,[-22.22077082276096, 2.2811876827669146],0.9957087318786115,False,True,0.295072650049244,168,59.14794013245511,89.213,in_progress,0.0
37,5.0,-2.4361987865116435,-2.1160103061990525,179.90153399163336,-1.1662329110122513,3.1820251450404067,[-1.1662329110122513, 3.1820251450404067],0.6421687633507198,False,True,0.36190818473677,168,59.14794013245511,89.279,in_progress,0.0
37,6.0,-2.4850497909068325,-2.109488294219199,178.3126777652209,-30.0,1.0137154452483312,[-30.0, 1.0137154452483312],0.4473632507965384,False,True,0.4438638216305857,168,59.14794013245511,89.347,in_progress,0.0
37,7.0,-2.5562475598158416,-2.0943475142647094,175.5120740340311,-5.202057803447538,1.0,[-5.202057803447538, 1.0],0.07191037858840921,False,True,0.5628454924395565,169,59.14794013245511,89.417,in_progress,0.0
37,8.0,-2.613075844909746,-2.0778546003707534,172.72952298541242,30.0,1.5999063873729766,[30.0, 1.5999063873729766],0.4966640138725518,False,True,0.657450476578747,169,59.14794013245511,89.478,in_progress,0.0
37,9.0,-2.697723481801691,-2.054970665637923,170.09817751538688,-5.528455122011941,3.5,[-5.528455122011941, 3.5],0.003315170811893031,False,True,0.8055839892771033,169,59.14794013245511,89.54,in_progress,0.0
37,10.0,-2.7684442611454894,-2.0352912465176995,168.4176887997608,30.0,3.5,[30.0, 3.5],0.2660170549528366,False,True,0.9251477026770871,169,59.14794013245511,89.608,in_progress,0.0
37,11.0,-2.858840157746574,-2.0113165552768555,167.22082205735848,7.185644721279353,3.5,[7.185644721279353, 3.5],0.8645762873107722,False,True,1.0779751818383976,170,59.14794013245511,89.687,in_progress,0.0
37,12.0,-2.9718730898938848,-1.9887503461516212,167.72163896156886,-30.0,1.8879040429010159,[-30.0, 1.8879040429010159],0.6256732588070871,False,True,1.2690747105196687,170,59.14794013245511,89.75,in_progress,0.0
37,13.0,-3.080470713624582,-1.9606858101993077,166.7646306084945,-21.804557996234667,2.7197956548098925,[-21.804557996234667, 2.7197956548098925],0.7499976422004724,False,True,1.4965914796168267,170,59.14794013245511,89.821,in_progress,0.0
37,14.0,-3.2057044149951506,-1.92042811749247,164.55729882652585,29.572276743350308,1.7024131344325388,[29.572276743350308, 1.7024131344325388],5.7585900994574506e-05,False,True,1.716142939166243,171,59.14794013245511,89.884,in_progress,0.0
37,15.0,-3.3353326262762715,-1.8791920546913403,163.4439810329106,-15.25635014877474,1.265430277649058,[-15.25635014877474, 1.265430277649058],0.003001507348777266,False,True,2.0810824763232927,172,59.14794013245511,89.951,in_progress,0.0
37,16.0,-3.4479350096763843,-1.8445832935470552,163.22608663016902,-14.145244451393342,2.7298580360747935,[-14.145244451393342, 2.7298580360747935],0.05496600490700376,False,True,2.3804318216985476,172,59.14794013245511,90.012,in_progress,0.0
37,17.0,-3.568543692709301,-1.8068209574503498,162.96139732841377,0.97346703957869,1.0,[0.97346703957869, 1.0],0.07286775009062452,False,True,2.5149599478721196,172,59.14794013245511,90.082,in_progress,0.0
37,18.0,-3.693671098175162,-1.7657913092348474,162.36137329294274,30.0,2.755394377522614,[30.0, 2.755394377522614],0.10711929649208658,False,True,2.6574396378470366,173,59.14794013245511,90.15,in_progress,0.0
37,19.0,-3.818868214429396,-1.7256225528299007,162.27866402106187,-30.0,3.3734925228185784,[-30.0, 3.3734925228185784],0.23801537327268915,False,True,2.798609836384558,173,59.14794013245511,90.202,in_progress,0.0
37,20.0,-3.9562662212366995,-1.6886550484691139,163.6498251017995,24.102470095495327,2.1437923880186966,[24.102470095495327, 2.1437923880186966],0.6204003723272157,False,True,2.800322784846876,173,59.14794013245511,90.25,in_progress,0.0
37,21.0,-4.0986107725233865,-1.6530419985115952,164.83738510617775,30.0,1.0,[30.0, 1.0],0.3488945169339509,False,True,2.800322784846876,173,59.14794013245511,90.352,in_progress,0.0
37,22.0,-4.236026821065105,-1.630513178311542,167.7646676614089,5.92460112524364,1.7944055235575829,[5.92460112524364, 1.7944055235575829],0.04525173469991617,False,False,2.800322784846876,173,59.14794013245511,90.416,in_progress,0.0
37,23.0,-4.361986978669977,-1.619675759622488,171.05977771885748,30.0,2.5776006257742754,[30.0, 2.5776006257742754],0.19366956772101196,False,False,2.800322784846876,173,59.14794013245511,90.477,in_progress,0.0
37,24.0,-4.504786149467749,-1.6181857083793376,175.23463956166012,-1.4628516059839498,3.5,[-1.4628516059839498, 3.5],0.05319442176972991,True,False,2.800322784846876,173,59.14794013245511,90.551,off_track,0.0
38,1.0,-3.1456832620001265,-0.3041638126385691,68.8421677802734,30.0,3.01591461307184,[30.0, 3.01591461307184],0.0,False,True,0.23697500660728732,178,59.14794013245511,90.681,prepare,0.0
38,2.0,-3.145597571338969,-0.30437490605962747,68.805671903118,-30.0,1.0,[-30.0, 1.0],0.2516956612233909,False,True,0.23669463329828444,178,59.14794013245511,90.752,in_progress,0.0
38,3.0,-3.1420878773351233,-0.29428078405098845,68.86665898200538,-24.84594584706038,1.0,[-24.84594584706038, 1.0],0.3399367286742907,False,True,0.25475142300313003,178,59.14794013245511,90.81,in_progress,0.0
38,4.0,-3.1328475805494476,-0.26865993347901007,68.96775336692998,-21.668705870790575,3.130471927146716,[-21.668705870790575, 3.130471927146716],0.39311655567264114,False,True,0.30078601240280944,178,59.14794013245511,90.877,in_progress,0.0
38,5.0,-3.1188022501145904,-0.23341325457149834,68.86200145113216,-6.890186840098693,1.0,[-6.890186840098693, 1.0],0.3192278001156994,False,True,0.36495701416772164,178,59.14794013245511,90.953,in_progress,0.0
38,6.0,-3.0987169903823677,-0.1832035066208434,68.34145551087545,-8.526517091901287,1.8888138747352723,[-8.526517091901287, 1.8888138747352723],0.1502960314210826,False,True,0.4562500490407406,178,59.14794013245511,90.989,in_progress,0.0
38,7.0,-3.0772849249173064,-0.13010457255288307,68.18771211763192,29.104695619310363,1.7422516429932002,[29.104695619310363, 1.7422516429932002],0.08567027379741968,False,True,0.5528997720184448,178,59.14794013245511,91.073,in_progress,0.0
38,8.0,-3.0471327835018394,-0.055109398361461004,68.17170638262796,-30.0,1.5855270370284256,[-30.0, 1.5855270370284256],0.06947411130179208,False,True,0.6893408380097665,179,59.14794013245511,91.148,in_progress,0.0
38,9.0,-3.0164475783705833,0.025901548634486876,68.40332413899445,3.1205320098266824,1.6909720556219145,[3.1205320098266824, 1.6909720556219145],0.001295529165195708,False,True,0.8357053498177502,179,59.14794013245511,91.213,in_progress,0.0
38,10.0,-2.979192382827222,0.11258367924676321,67.79225882073185,-29.574042372652222,2.791933741936486,[-29.574042372652222, 2.791933741936486],0.18504267676135353,False,True,0.9866628393595978,179,59.14794013245511,91.284,in_progress,0.0
38,11.0,-2.9356214118437363,0.2096398996785271,66.94617242442553,6.3607833688908215,2.242848017416392,[6.3607833688908215, 2.242848017416392],0.12495269396804054,False,True,1.1395563403131415,180,59.14794013245511,91.347,in_progress,0.0
38,12.0,-2.8786596046080026,0.31707128513905514,64.7689082463426,-30.0,2.5659209866648345,[-30.0, 2.5659209866648345],0.010770754292699875,False,True,1.3210289943135334,180,59.14794013245511,91.405,in_progress,0.0
38,13.0,-2.813313559810338,0.42487387947086014,62.04851679651948,30.0,2.677618638930981,[30.0, 2.677618638930981],0.5918207349154229,False,True,1.3904330166592094,180,59.14794013245511,91.475,in_progress,0.0
38,14.0,-2.7276461806478354,0.5513556416670409,58.839870768738486,-14.901794435310102,2.079136912339839,[-14.901794435310102, 2.079136912339839],1.4707547323133953e-06,False,True,1.5838110064930855,180,59.14794013245511,91.552,in_progress,0.0
38,15.0,-2.642935625797346,0.6731085690933717,56.96247315939861,27.748432064009755,3.040730281853,[27.748432064009755, 3.040730281853],0.17764052965264912,False,True,1.7736376251697772,181,59.14794013245511,91.612,in_progress,0.0
38,16.0,-2.55985626277137,0.7880728767604467,55.60096055692361,30.0,1.7289544892630073,[30.0, 1.7289544892630073],0.6318460545017648,False,False,1.8587298692239185,181,59.14794013245511,91.682,in_progress,0.0
38,17.0,-2.4761118733231675,0.9205118382795106,56.6306410471545,11.661055404277839,1.9222657880879397,[11.661055404277839, 1.9222657880879397],0.2134382439832022,False,False,1.960117070221401,181,59.14794013245511,91.742,in_progress,0.0
38,18.0,-2.4070845103733562,1.0428963858016267,58.5345366288699,-30.0,2.6882665362955462,[-30.0, 2.6882665362955462],0.0008534844049553404,False,False,2.091429498209607,181,59.14794013245511,91.802,in_progress,0.0
38,19.0,-2.3384491154915685,1.1672661463678864,59.68871505579928,0.29092294259976725,1.485060239671185,[0.29092294259976725, 1.485060239671185],0.023503995107712363,True,False,2.2223228646747972,182,59.14794013245511,91.87,off_track,0.0
39,1.0,-0.49256674930543676,0.32624721634780535,0.8532581247384592,3.002806910066738,1.0,[3.002806910066738, 1.0],0.0,False,True,0.23712179124606436,189,59.14794013245511,92.013,prepare,0.0
39,2.0,-0.49250338004662875,0.3263996235768786,0.8711678233151336,1.9842827144735402,1.7078429745641586,[1.9842827144735402, 1.7078429745641586],0.5846703443308042,False,True,0.23723290733627111,189,59.14794013245511,92.059,in_progress,0.0
39,3.0,-0.48492691173048996,0.32527206166612,0.5344657507893608,17.50957470262579,1.640835991129808,[17.50957470262579, 1.640835991129808],0.7489074709980861,False,True,0.2500111880140876,189,59.14794013245511,92.134,in_progress,0.0
39,4.0,-0.4617629709137379,0.328440773459191,1.2377600343656359,-29.097002850040415,2.1216752460594837,[-29.097002850040415, 2.1216752460594837],0.3339478710127784,False,True,0.2892522047408308,189,59.14794013245511,92.222,in_progress,0.0
39,5.0,-0.4205921129909153,0.331101372410122,1.643404505040506,4.678368895156382,2.5218379723591706,[4.678368895156382, 2.5218379723591706],0.23915840633566987,False,True,0.35892012005184215,189,59.14794013245511,92.289,in_progress,0.0
39,6.0,-0.36611085924656916,0.3338460169766481,1.9039216237621317,7.497243559976518,3.5,[7.497243559976518, 3.5],0.1842091181365727,False,True,0.4510911057484024,189,59.14794013245511,92.352,in_progress,0.0
39,7.0,-0.30058657135892314,0.3393091594708608,2.7245443831342855,-1.5215188744967776,1.0,[-1.5215188744967776, 1.0],0.01860104726636469,False,True,0.5620012488848025,189,59.14794013245511,92.414,in_progress,0.0
39,8.0,-0.22905075825355894,0.34678043654409435,3.6414446998625722,15.087981075403874,2.4141627544424735,[15.087981075403874, 2.4141627544424735],0.04416014945108471,False,True,0.6831263144931765,190,59.14794013245511,92.47,in_progress,0.0
39,9.0,-0.14260937273740487,0.3581035792755206,4.90713941071323,30.0,1.0,[30.0, 1.0],0.4268854951694989,False,True,0.8295497442857291,190,59.14794013245511,92.545,in_progress,0.0
39,10.0,-0.06036491665585619,0.37773345526791924,7.664509029642896,-4.858026410660557,2.1908782814578904,[-4.858026410660557, 2.1908782814578904],0.30899610250736753,False,True,0.9690956976584064,190,59.14794013245511,92.603,in_progress,0.0
39,11.0,0.03024438476521496,0.4065950714700512,11.177917990734334,-19.873016579553642,3.5,[-19.873016579553642, 3.5],0.5056141828316219,False,True,1.123024116887561,190,59.14794013245511,92.681,in_progress,0.0
39,12.0,0.1312064496877388,0.44067746647858624,14.464664860395851,16.324063641471987,1.0,[16.324063641471987, 1.0],0.016955974709088162,False,True,1.294590326806433,191,59.14794013245511,92.741,in_progress,0.0
39,13.0,0.23216368677013977,0.4783477770474674,17.191952854200483,30.0,3.5,[30.0, 3.5],0.3095469027564473,False,True,1.4662429604042737,191,59.14794013245511,92.803,in_progress,0.0
39,14.0,0.3287760326720133,0.5200504979389503,19.616096411167284,-30.0,1.0,[-30.0, 1.0],0.2239475552957274,False,True,1.6306558273967986,191,59.14794013245511,92.882,in_progress,0.0
39,15.0,0.424440215624594,0.5707076723663455,23.046543943978385,-30.0,3.5,[-30.0, 3.5],0.4049430646087466,False,True,1.7937003903514492,192,59.14794013245511,92.944,in_progress,0.0
39,16.0,0.5244508711737297,0.6196073812351417,24.450171277736466,27.779637912010323,3.5,[27.779637912010323, 3.5],0.6195354633139933,False,True,1.9640478757900537,192,59.14794013245511,93.013,in_progress,0.0
39,17.0,0.6369931683834956,0.6738940745381169,25.068102659328574,20.15235261615942,1.0,[20.15235261615942, 1.0],0.4173727903741744,False,True,2.155719759806274,192,59.14794013245511,93.079,in_progress,0.0
39,18.0,0.746666636640342,0.7364335447756515,27.242488232190873,16.874467044331226,2.8669929031686263,[16.874467044331226, 2.8669929031686263],0.012512100842926976,False,True,2.3427581676414677,193,59.14794013245511,93.152,in_progress,0.0
39,19.0,0.8544953279439967,0.8022252688495741,29.24477225094775,-30.0,3.5,[-30.0, 3.5],0.29645513914786153,False,True,2.526758462127532,193,59.14794013245511,93.208,in_progress,0.0
39,20.0,0.9708688990315697,0.8745719244212546,30.40788821496365,5.263181972575147,2.3115053233206746,[5.263181972575147, 2.3115053233206746],0.6866592218020674,False,False,2.725379396633365,194,59.14794013245511,93.286,in_progress,0.0
39,21.0,1.1001878152423021,0.950271009567323,30.299369211544924,21.208762484033294,1.0,[21.208762484033294, 1.0],0.3956716440753476,False,False,2.945971879227227,194,59.14794013245511,93.339,in_progress,0.0
39,22.0,1.2115899171584632,1.0249407867241815,31.88341523957418,-11.5180482152293,2.7245464007617866,[-11.5180482152293, 2.7245464007617866],0.11874489599507398,False,False,3.1362501630729955,194,59.14794013245511,93.411,in_progress,0.0
39,23.0,1.3046041055315418,1.091456103763619,33.43241096980666,-8.498468283663922,3.5,[-8.498468283663922, 3.5],0.005182112186466137,True,False,3.295230046447317,195,59.14794013245511,93.472,off_track,0.0
